{
	"credit": "Made with Blockbench",
	"textures": {
		"0": "items/easports",
		"particle": "items/easports"
	},
	"elements": [
		{
			"from": [10.2501, 7.3, 5.8],
			"to": [10.7501, 7.825, 13.55],
			"rotation": {"angle": 45, "axis": "z", "origin": [10.5, 4.4, 10.1]},
			"faces": {
				"north": {"uv": [1, 4, 2, 5], "texture": "#0"},
				"east": {"uv": [1, 4, 2, 5], "texture": "#0"},
				"south": {"uv": [1, 4, 2, 5], "texture": "#0"},
				"west": {"uv": [1, 4, 2, 5], "texture": "#0"},
				"up": {"uv": [1, 4, 2, 5], "texture": "#0"},
				"down": {"uv": [1, 4, 2, 5], "texture": "#0"}
			}
		},
		{
			"from": [10.2501, 7.24, 1.6],
			"to": [10.7251, 7.765, 4.025],
			"rotation": {"angle": 45, "axis": "z", "origin": [10.5, 4.35, 6.175]},
			"faces": {
				"north": {"uv": [4, 1, 5, 2], "texture": "#0"},
				"east": {"uv": [4, 1, 5, 2], "texture": "#0"},
				"south": {"uv": [4, 1, 5, 2], "texture": "#0"},
				"west": {"uv": [4, 1, 5, 2], "texture": "#0"},
				"up": {"uv": [4, 1, 5, 2], "texture": "#0"},
				"down": {"uv": [4, 1, 5, 2], "texture": "#0"}
			}
		},
		{
			"from": [8.40417, 5.93354, 1.85],
			"to": [8.92917, 6.45854, 2.2],
			"rotation": {"angle": 45, "axis": "z", "origin": [8, 5.925, 2.05]},
			"faces": {
				"north": {"uv": [1, 7, 2, 8], "texture": "#0"},
				"east": {"uv": [1, 7, 2, 8], "texture": "#0"},
				"south": {"uv": [1, 7, 2, 8], "texture": "#0"},
				"west": {"uv": [1, 7, 2, 8], "texture": "#0"},
				"up": {"uv": [1, 7, 2, 8], "texture": "#0"},
				"down": {"uv": [1, 7, 2, 8], "texture": "#0"}
			}
		},
		{
			"from": [8.40417, 5.93354, 2.75],
			"to": [8.92917, 6.45854, 3.1],
			"rotation": {"angle": 45, "axis": "z", "origin": [8, 5.925, 2.95]},
			"faces": {
				"north": {"uv": [1, 7, 2, 8], "texture": "#0"},
				"east": {"uv": [1, 7, 2, 8], "texture": "#0"},
				"south": {"uv": [1, 7, 2, 8], "texture": "#0"},
				"west": {"uv": [1, 7, 2, 8], "texture": "#0"},
				"up": {"uv": [1, 7, 2, 8], "texture": "#0"},
				"down": {"uv": [1, 7, 2, 8], "texture": "#0"}
			}
		},
		{
			"from": [10.3251, 7.24, 1.525],
			"to": [10.8001, 7.765, 1.625],
			"rotation": {"angle": 45, "axis": "z", "origin": [10.5, 4.325, 5.925]},
			"faces": {
				"north": {"uv": [4, 7, 4, 8], "texture": "#0"},
				"east": {"uv": [4, 7, 4, 8], "texture": "#0"},
				"south": {"uv": [4, 7, 4, 8], "texture": "#0"},
				"west": {"uv": [4, 7, 4, 8], "texture": "#0"},
				"up": {"uv": [4, 7, 4, 8], "texture": "#0"},
				"down": {"uv": [4, 7, 4, 8], "texture": "#0"}
			}
		},
		{
			"from": [7.7501, 6.675, 5.8],
			"to": [8.2501, 7, 13.55],
			"rotation": {"angle": 0, "axis": "y", "origin": [8, 2.375, 10.1]},
			"faces": {
				"north": {"uv": [1, 4, 2, 5], "texture": "#0"},
				"east": {"uv": [1, 4, 2, 5], "texture": "#0"},
				"south": {"uv": [1, 4, 2, 5], "texture": "#0"},
				"west": {"uv": [1, 4, 2, 5], "texture": "#0"},
				"up": {"uv": [1, 4, 2, 5], "texture": "#0"},
				"down": {"uv": [1, 4, 2, 5], "texture": "#0"}
			}
		},
		{
			"from": [7.7501, 6.625, 1.625],
			"to": [8.2501, 6.925, 4.025],
			"rotation": {"angle": 0, "axis": "y", "origin": [8, 2.325, 5.975]},
			"faces": {
				"north": {"uv": [4, 1, 5, 2], "texture": "#0"},
				"east": {"uv": [4, 1, 5, 2], "texture": "#0"},
				"south": {"uv": [4, 1, 5, 2], "texture": "#0"},
				"west": {"uv": [4, 1, 5, 2], "texture": "#0"},
				"up": {"uv": [4, 1, 5, 2], "texture": "#0"},
				"down": {"uv": [4, 1, 5, 2], "texture": "#0"}
			}
		},
		{
			"from": [7.91, 6.375, -1.175],
			"to": [8.09, 6.675, 4.25],
			"rotation": {"angle": 0, "axis": "y", "origin": [8, 6.525, 0.7]},
			"faces": {
				"north": {"uv": [4, 7, 5, 8], "texture": "#0"},
				"east": {"uv": [4, 7, 5, 8], "texture": "#0"},
				"south": {"uv": [4, 7, 5, 8], "texture": "#0"},
				"west": {"uv": [4, 7, 5, 8], "texture": "#0"},
				"up": {"uv": [4, 7, 5, 8], "texture": "#0"},
				"down": {"uv": [4, 7, 5, 8], "texture": "#0"}
			}
		},
		{
			"from": [7.91, 5.775, -3.375],
			"to": [8.09, 6.075, 1.825],
			"rotation": {"angle": 0, "axis": "y", "origin": [8, 5.925, 0.7]},
			"faces": {
				"north": {"uv": [4, 7, 5, 8], "texture": "#0"},
				"east": {"uv": [4, 7, 5, 8], "texture": "#0"},
				"south": {"uv": [4, 7, 5, 8], "texture": "#0"},
				"west": {"uv": [4, 7, 5, 8], "texture": "#0"},
				"up": {"uv": [4, 7, 5, 8], "texture": "#0"},
				"down": {"uv": [4, 7, 5, 8], "texture": "#0"}
			}
		},
		{
			"from": [7.885, 5.75, -3.525],
			"to": [8.115, 6.1, -2.875],
			"rotation": {"angle": 0, "axis": "y", "origin": [8, 5.925, 0.55]},
			"faces": {
				"north": {"uv": [1, 1, 2, 2], "texture": "#0"},
				"east": {"uv": [1, 1, 2, 2], "texture": "#0"},
				"south": {"uv": [1, 1, 2, 2], "texture": "#0"},
				"west": {"uv": [1, 1, 2, 2], "texture": "#0"},
				"up": {"uv": [1, 1, 2, 2], "texture": "#0"},
				"down": {"uv": [1, 1, 2, 2], "texture": "#0"}
			}
		},
		{
			"from": [7.96, 5.55, -2.575],
			"to": [8.04, 5.625, 1.825],
			"rotation": {"angle": 0, "axis": "y", "origin": [8, 5.925, 0.7]},
			"faces": {
				"north": {"uv": [4, 7, 5, 8], "texture": "#0"},
				"east": {"uv": [4, 7, 5, 8], "texture": "#0"},
				"south": {"uv": [4, 7, 5, 8], "texture": "#0"},
				"west": {"uv": [4, 7, 5, 8], "texture": "#0"},
				"up": {"uv": [4, 7, 5, 8], "texture": "#0"},
				"down": {"uv": [4, 7, 5, 8], "texture": "#0"}
			}
		},
		{
			"from": [7.91, 6.375, -1.9],
			"to": [8.09, 6.675, -1.05],
			"rotation": {"angle": -45, "axis": "x", "origin": [8, 6.525, -1.1]},
			"faces": {
				"north": {"uv": [4, 7, 5, 8], "texture": "#0"},
				"east": {"uv": [4, 7, 5, 8], "texture": "#0"},
				"south": {"uv": [4, 7, 5, 8], "texture": "#0"},
				"west": {"uv": [4, 7, 5, 8], "texture": "#0"},
				"up": {"uv": [4, 7, 5, 8], "texture": "#0"},
				"down": {"uv": [4, 7, 5, 8], "texture": "#0"}
			}
		},
		{
			"from": [7.91, 6.5, -2.75],
			"to": [8.09, 7.175, -2.675],
			"rotation": {"angle": 0, "axis": "y", "origin": [8, 6.95, -1.1]},
			"faces": {
				"north": {"uv": [1, 4, 2, 5], "rotation": 270, "texture": "#0"},
				"east": {"uv": [1, 4, 2, 5], "rotation": 270, "texture": "#0"},
				"south": {"uv": [1, 4, 2, 5], "rotation": 270, "texture": "#0"},
				"west": {"uv": [1, 4, 2, 5], "rotation": 270, "texture": "#0"},
				"up": {"uv": [1, 4, 2, 5], "rotation": 270, "texture": "#0"},
				"down": {"uv": [1, 4, 2, 5], "rotation": 270, "texture": "#0"}
			}
		},
		{
			"from": [7.91, 6.5, -2.6],
			"to": [8.09, 7.25, -2.475],
			"rotation": {"angle": -22.5, "axis": "x", "origin": [8, 6.95, -2.4]},
			"faces": {
				"north": {"uv": [1, 4, 2, 5], "rotation": 270, "texture": "#0"},
				"east": {"uv": [1, 4, 2, 5], "rotation": 270, "texture": "#0"},
				"south": {"uv": [1, 4, 2, 5], "rotation": 270, "texture": "#0"},
				"west": {"uv": [1, 4, 2, 5], "rotation": 270, "texture": "#0"},
				"up": {"uv": [1, 4, 2, 5], "rotation": 270, "texture": "#0"},
				"down": {"uv": [1, 4, 2, 5], "rotation": 270, "texture": "#0"}
			}
		},
		{
			"from": [7.91, 6.9, -2.75],
			"to": [8.09, 7.275, -2.475],
			"rotation": {"angle": 0, "axis": "y", "origin": [8, 7.1, -2.4]},
			"faces": {
				"north": {"uv": [1, 4, 2, 5], "rotation": 270, "texture": "#0"},
				"east": {"uv": [1, 4, 2, 5], "rotation": 270, "texture": "#0"},
				"south": {"uv": [1, 4, 2, 5], "rotation": 270, "texture": "#0"},
				"west": {"uv": [1, 4, 2, 5], "rotation": 270, "texture": "#0"},
				"up": {"uv": [1, 4, 2, 5], "rotation": 270, "texture": "#0"},
				"down": {"uv": [1, 4, 2, 5], "rotation": 270, "texture": "#0"}
			}
		},
		{
			"from": [8.07, 7.29, -2.75],
			"to": [8.125, 7.415, -2.475],
			"rotation": {"angle": 0, "axis": "y", "origin": [8.05, 7.35, -2.4]},
			"faces": {
				"north": {"uv": [1, 4, 2, 5], "rotation": 270, "texture": "#0"},
				"east": {"uv": [1, 4, 2, 5], "rotation": 270, "texture": "#0"},
				"south": {"uv": [1, 4, 2, 5], "rotation": 270, "texture": "#0"},
				"west": {"uv": [1, 4, 2, 5], "rotation": 270, "texture": "#0"},
				"up": {"uv": [1, 4, 2, 5], "rotation": 270, "texture": "#0"},
				"down": {"uv": [1, 4, 2, 5], "rotation": 270, "texture": "#0"}
			}
		},
		{
			"from": [7.866, 7.285, -2.75],
			"to": [7.921, 7.415, -2.475],
			"rotation": {"angle": 0, "axis": "y", "origin": [7.85, 7.35, -2.4]},
			"faces": {
				"north": {"uv": [1, 4, 2, 5], "rotation": 270, "texture": "#0"},
				"east": {"uv": [1, 4, 2, 5], "rotation": 270, "texture": "#0"},
				"south": {"uv": [1, 4, 2, 5], "rotation": 270, "texture": "#0"},
				"west": {"uv": [1, 4, 2, 5], "rotation": 270, "texture": "#0"},
				"up": {"uv": [1, 4, 2, 5], "rotation": 270, "texture": "#0"},
				"down": {"uv": [1, 4, 2, 5], "rotation": 270, "texture": "#0"}
			}
		},
		{
			"from": [7.9, 7.26, -2.75],
			"to": [7.95, 7.34, -2.475],
			"rotation": {"angle": -45, "axis": "z", "origin": [7.975, 7.1, -2.4]},
			"faces": {
				"north": {"uv": [1, 4, 2, 5], "rotation": 270, "texture": "#0"},
				"east": {"uv": [1, 4, 2, 5], "rotation": 270, "texture": "#0"},
				"south": {"uv": [1, 4, 2, 5], "rotation": 270, "texture": "#0"},
				"west": {"uv": [1, 4, 2, 5], "rotation": 270, "texture": "#0"},
				"up": {"uv": [1, 4, 2, 5], "rotation": 270, "texture": "#0"},
				"down": {"uv": [1, 4, 2, 5], "rotation": 270, "texture": "#0"}
			}
		},
		{
			"from": [7.725, 7.26, -2.75],
			"to": [7.8, 7.31, -2.475],
			"rotation": {"angle": -45, "axis": "z", "origin": [7.825, 7.1, -2.4]},
			"faces": {
				"north": {"uv": [1, 4, 2, 5], "rotation": 180, "texture": "#0"},
				"east": {"uv": [1, 4, 2, 5], "rotation": 180, "texture": "#0"},
				"south": {"uv": [1, 4, 2, 5], "rotation": 180, "texture": "#0"},
				"west": {"uv": [1, 4, 2, 5], "rotation": 180, "texture": "#0"},
				"up": {"uv": [1, 4, 2, 5], "rotation": 180, "texture": "#0"},
				"down": {"uv": [1, 4, 2, 5], "rotation": 180, "texture": "#0"}
			}
		},
		{
			"from": [7.95, 6.36, -1.175],
			"to": [8.053, 6.69, 4.25],
			"rotation": {"angle": 45, "axis": "z", "origin": [8, 6.525, 0.7]},
			"faces": {
				"north": {"uv": [4, 7, 5, 8], "texture": "#0"},
				"east": {"uv": [4, 7, 5, 8], "texture": "#0"},
				"south": {"uv": [4, 7, 5, 8], "texture": "#0"},
				"west": {"uv": [4, 7, 5, 8], "texture": "#0"},
				"up": {"uv": [4, 7, 5, 8], "texture": "#0"},
				"down": {"uv": [4, 7, 5, 8], "texture": "#0"}
			}
		},
		{
			"from": [7.95, 5.76, -3.375],
			"to": [8.053, 6.09, 1.825],
			"rotation": {"angle": 45, "axis": "z", "origin": [8, 5.925, 0.7]},
			"faces": {
				"north": {"uv": [4, 7, 5, 8], "texture": "#0"},
				"east": {"uv": [4, 7, 5, 8], "texture": "#0"},
				"south": {"uv": [4, 7, 5, 8], "texture": "#0"},
				"west": {"uv": [4, 7, 5, 8], "texture": "#0"},
				"up": {"uv": [4, 7, 5, 8], "texture": "#0"},
				"down": {"uv": [4, 7, 5, 8], "texture": "#0"}
			}
		},
		{
			"from": [7.925, 5.735, -3.525],
			"to": [8.078, 6.115, -2.875],
			"rotation": {"angle": 45, "axis": "z", "origin": [8, 5.925, 0.55]},
			"faces": {
				"north": {"uv": [1, 1, 2, 2], "texture": "#0"},
				"east": {"uv": [1, 1, 2, 2], "texture": "#0"},
				"south": {"uv": [1, 1, 2, 2], "texture": "#0"},
				"west": {"uv": [1, 1, 2, 2], "texture": "#0"},
				"up": {"uv": [1, 1, 2, 2], "texture": "#0"},
				"down": {"uv": [1, 1, 2, 2], "texture": "#0"}
			}
		},
		{
			"from": [7.835, 6.475, -1.175],
			"to": [8.165, 6.578, 4.25],
			"rotation": {"angle": 45, "axis": "z", "origin": [8, 6.525, 0.7]},
			"faces": {
				"north": {"uv": [4, 7, 5, 8], "rotation": 270, "texture": "#0"},
				"east": {"uv": [4, 7, 5, 8], "rotation": 270, "texture": "#0"},
				"south": {"uv": [4, 7, 5, 8], "rotation": 270, "texture": "#0"},
				"west": {"uv": [4, 7, 5, 8], "rotation": 270, "texture": "#0"},
				"up": {"uv": [4, 7, 5, 8], "rotation": 270, "texture": "#0"},
				"down": {"uv": [4, 7, 5, 8], "rotation": 270, "texture": "#0"}
			}
		},
		{
			"from": [7.835, 5.875, -3.375],
			"to": [8.165, 5.978, 1.825],
			"rotation": {"angle": 45, "axis": "z", "origin": [8, 5.925, 0.7]},
			"faces": {
				"north": {"uv": [4, 7, 5, 8], "rotation": 270, "texture": "#0"},
				"east": {"uv": [4, 7, 5, 8], "rotation": 270, "texture": "#0"},
				"south": {"uv": [4, 7, 5, 8], "rotation": 270, "texture": "#0"},
				"west": {"uv": [4, 7, 5, 8], "rotation": 270, "texture": "#0"},
				"up": {"uv": [4, 7, 5, 8], "rotation": 270, "texture": "#0"},
				"down": {"uv": [4, 7, 5, 8], "rotation": 270, "texture": "#0"}
			}
		},
		{
			"from": [7.81, 5.85, -3.525],
			"to": [8.19, 6.003, -2.875],
			"rotation": {"angle": 45, "axis": "z", "origin": [8, 5.925, 0.55]},
			"faces": {
				"north": {"uv": [1, 1, 2, 2], "rotation": 270, "texture": "#0"},
				"east": {"uv": [1, 1, 2, 2], "rotation": 270, "texture": "#0"},
				"south": {"uv": [1, 1, 2, 2], "rotation": 270, "texture": "#0"},
				"west": {"uv": [1, 1, 2, 2], "rotation": 270, "texture": "#0"},
				"up": {"uv": [1, 1, 2, 2], "rotation": 270, "texture": "#0"},
				"down": {"uv": [1, 1, 2, 2], "rotation": 270, "texture": "#0"}
			}
		},
		{
			"from": [7.85, 6.435, -1.175],
			"to": [8.15, 6.615, 4.25],
			"rotation": {"angle": 0, "axis": "y", "origin": [8, 6.525, 0.7]},
			"faces": {
				"north": {"uv": [4, 7, 5, 8], "rotation": 270, "texture": "#0"},
				"east": {"uv": [4, 7, 5, 8], "rotation": 270, "texture": "#0"},
				"south": {"uv": [4, 7, 5, 8], "rotation": 270, "texture": "#0"},
				"west": {"uv": [4, 7, 5, 8], "rotation": 270, "texture": "#0"},
				"up": {"uv": [4, 7, 5, 8], "rotation": 270, "texture": "#0"},
				"down": {"uv": [4, 7, 5, 8], "rotation": 270, "texture": "#0"}
			}
		},
		{
			"from": [7.85, 5.835, -3.375],
			"to": [8.15, 6.015, 1.825],
			"rotation": {"angle": 0, "axis": "y", "origin": [8, 5.925, 0.7]},
			"faces": {
				"north": {"uv": [4, 7, 5, 8], "rotation": 270, "texture": "#0"},
				"east": {"uv": [4, 7, 5, 8], "rotation": 270, "texture": "#0"},
				"south": {"uv": [4, 7, 5, 8], "rotation": 270, "texture": "#0"},
				"west": {"uv": [4, 7, 5, 8], "rotation": 270, "texture": "#0"},
				"up": {"uv": [4, 7, 5, 8], "rotation": 270, "texture": "#0"},
				"down": {"uv": [4, 7, 5, 8], "rotation": 270, "texture": "#0"}
			}
		},
		{
			"from": [7.825, 5.81, -3.525],
			"to": [8.175, 6.04, -2.875],
			"rotation": {"angle": 0, "axis": "y", "origin": [8, 5.925, 0.55]},
			"faces": {
				"north": {"uv": [1, 1, 2, 2], "rotation": 270, "texture": "#0"},
				"east": {"uv": [1, 1, 2, 2], "rotation": 270, "texture": "#0"},
				"south": {"uv": [1, 1, 2, 2], "rotation": 270, "texture": "#0"},
				"west": {"uv": [1, 1, 2, 2], "rotation": 270, "texture": "#0"},
				"up": {"uv": [1, 1, 2, 2], "rotation": 270, "texture": "#0"},
				"down": {"uv": [1, 1, 2, 2], "rotation": 270, "texture": "#0"}
			}
		},
		{
			"from": [7.825, 5.76, -1.775],
			"to": [8.175, 6.09, -1.275],
			"rotation": {"angle": 0, "axis": "y", "origin": [8, 5.925, -0.3]},
			"faces": {
				"north": {"uv": [1, 4, 2, 5], "rotation": 270, "texture": "#0"},
				"east": {"uv": [1, 4, 2, 5], "rotation": 270, "texture": "#0"},
				"south": {"uv": [1, 4, 2, 5], "rotation": 270, "texture": "#0"},
				"west": {"uv": [1, 4, 2, 5], "rotation": 270, "texture": "#0"},
				"up": {"uv": [1, 4, 2, 5], "rotation": 270, "texture": "#0"},
				"down": {"uv": [1, 4, 2, 5], "rotation": 270, "texture": "#0"}
			}
		},
		{
			"from": [7.825, 5.71, -2.775],
			"to": [8.175, 6.54, -2.275],
			"rotation": {"angle": 0, "axis": "y", "origin": [8, 5.925, -0.3]},
			"faces": {
				"north": {"uv": [1, 4, 2, 5], "rotation": 270, "texture": "#0"},
				"east": {"uv": [1, 4, 2, 5], "rotation": 270, "texture": "#0"},
				"south": {"uv": [1, 4, 2, 5], "rotation": 270, "texture": "#0"},
				"west": {"uv": [1, 4, 2, 5], "rotation": 270, "texture": "#0"},
				"up": {"uv": [1, 4, 2, 5], "rotation": 270, "texture": "#0"},
				"down": {"uv": [1, 4, 2, 5], "rotation": 270, "texture": "#0"}
			}
		},
		{
			"from": [7.8, 6.085, -2.8],
			"to": [8.2, 6.44, -2.25],
			"rotation": {"angle": 0, "axis": "y", "origin": [8, 5.925, -0.3]},
			"faces": {
				"north": {"uv": [1, 7, 2, 8], "rotation": 270, "texture": "#0"},
				"east": {"uv": [1, 7, 2, 8], "rotation": 270, "texture": "#0"},
				"south": {"uv": [1, 7, 2, 8], "rotation": 270, "texture": "#0"},
				"west": {"uv": [1, 7, 2, 8], "rotation": 270, "texture": "#0"},
				"up": {"uv": [1, 7, 2, 8], "rotation": 270, "texture": "#0"},
				"down": {"uv": [1, 7, 2, 8], "rotation": 270, "texture": "#0"}
			}
		},
		{
			"from": [7.95, 5.51, -2.675],
			"to": [8.05, 5.715, -2.35],
			"rotation": {"angle": 0, "axis": "y", "origin": [8, 5.925, -0.3]},
			"faces": {
				"north": {"uv": [1, 5, 2, 6], "rotation": 270, "texture": "#0"},
				"east": {"uv": [1, 5, 2, 6], "rotation": 270, "texture": "#0"},
				"south": {"uv": [1, 5, 2, 6], "rotation": 270, "texture": "#0"},
				"west": {"uv": [1, 5, 2, 6], "rotation": 270, "texture": "#0"},
				"up": {"uv": [1, 5, 2, 6], "rotation": 270, "texture": "#0"},
				"down": {"uv": [1, 5, 2, 6], "rotation": 270, "texture": "#0"}
			}
		},
		{
			"from": [7.95, 5.585, -1.75],
			"to": [8.05, 5.765, -1.35],
			"rotation": {"angle": 0, "axis": "y", "origin": [8, 5.925, -0.3]},
			"faces": {
				"north": {"uv": [4, 7, 5, 8], "rotation": 270, "texture": "#0"},
				"east": {"uv": [4, 7, 5, 8], "rotation": 270, "texture": "#0"},
				"south": {"uv": [4, 7, 5, 8], "rotation": 270, "texture": "#0"},
				"west": {"uv": [4, 7, 5, 8], "rotation": 270, "texture": "#0"},
				"up": {"uv": [4, 7, 5, 8], "rotation": 270, "texture": "#0"},
				"down": {"uv": [4, 7, 5, 8], "rotation": 270, "texture": "#0"}
			}
		},
		{
			"from": [7.75, 5.11, 1.35],
			"to": [8.275, 6.74, 1.525],
			"rotation": {"angle": 0, "axis": "y", "origin": [8, 5.875, 2.5]},
			"faces": {
				"north": {"uv": [1, 4, 2, 5], "rotation": 90, "texture": "#0"},
				"east": {"uv": [1, 4, 2, 5], "rotation": 90, "texture": "#0"},
				"south": {"uv": [1, 4, 2, 5], "rotation": 90, "texture": "#0"},
				"west": {"uv": [1, 4, 2, 5], "rotation": 90, "texture": "#0"},
				"up": {"uv": [1, 4, 2, 5], "rotation": 90, "texture": "#0"},
				"down": {"uv": [1, 4, 2, 5], "rotation": 90, "texture": "#0"}
			}
		},
		{
			"from": [7.875, 6.385, -1.2],
			"to": [8.125, 6.665, -0.975],
			"rotation": {"angle": 0, "axis": "y", "origin": [8, 6.525, 0]},
			"faces": {
				"north": {"uv": [1, 4, 2, 5], "rotation": 270, "texture": "#0"},
				"east": {"uv": [1, 4, 2, 5], "rotation": 270, "texture": "#0"},
				"south": {"uv": [1, 4, 2, 5], "rotation": 270, "texture": "#0"},
				"west": {"uv": [1, 4, 2, 5], "rotation": 270, "texture": "#0"},
				"up": {"uv": [1, 4, 2, 5], "rotation": 270, "texture": "#0"},
				"down": {"uv": [1, 4, 2, 5], "rotation": 270, "texture": "#0"}
			}
		},
		{
			"from": [7.7251, 6.625, 1.525],
			"to": [8.2751, 6.965, 1.625],
			"rotation": {"angle": 0, "axis": "y", "origin": [8, 2.325, 5.725]},
			"faces": {
				"north": {"uv": [4, 7, 4, 8], "texture": "#0"},
				"east": {"uv": [4, 7, 4, 8], "texture": "#0"},
				"south": {"uv": [4, 7, 4, 8], "texture": "#0"},
				"west": {"uv": [4, 7, 4, 8], "texture": "#0"},
				"up": {"uv": [4, 7, 4, 8], "texture": "#0"},
				"down": {"uv": [4, 7, 4, 8], "texture": "#0"}
			}
		},
		{
			"from": [7.7501, 6.4, 13.5],
			"to": [8.2501, 6.725, 14],
			"rotation": {"angle": 45, "axis": "x", "origin": [8, 6.8, 13.85]},
			"faces": {
				"north": {"uv": [1, 4, 2, 5], "texture": "#0"},
				"east": {"uv": [1, 4, 2, 5], "texture": "#0"},
				"south": {"uv": [1, 4, 2, 5], "texture": "#0"},
				"west": {"uv": [1, 4, 2, 5], "texture": "#0"},
				"up": {"uv": [1, 4, 2, 5], "texture": "#0"},
				"down": {"uv": [1, 4, 2, 5], "texture": "#0"}
			}
		},
		{
			"from": [7.2001, 5.825, 13.65],
			"to": [8.8001, 6.625, 13.975],
			"rotation": {"angle": -22.5, "axis": "x", "origin": [8, 6.85, 13.925]},
			"faces": {
				"north": {"uv": [1, 1, 2, 2], "rotation": 90, "texture": "#0"},
				"east": {"uv": [1, 1, 2, 2], "rotation": 90, "texture": "#0"},
				"south": {"uv": [1, 1, 2, 2], "rotation": 90, "texture": "#0"},
				"west": {"uv": [1, 1, 2, 2], "rotation": 90, "texture": "#0"},
				"up": {"uv": [1, 1, 2, 2], "rotation": 90, "texture": "#0"},
				"down": {"uv": [1, 1, 2, 2], "rotation": 90, "texture": "#0"}
			}
		},
		{
			"from": [7.2001, 5.525, 15.1],
			"to": [8.8001, 6.025, 15.35],
			"rotation": {"angle": 45, "axis": "x", "origin": [8, 6.8, 13.85]},
			"faces": {
				"north": {"uv": [1, 1, 2, 2], "rotation": 90, "texture": "#0"},
				"east": {"uv": [1, 1, 2, 2], "rotation": 90, "texture": "#0"},
				"south": {"uv": [1, 1, 2, 2], "rotation": 90, "texture": "#0"},
				"west": {"uv": [1, 1, 2, 2], "rotation": 90, "texture": "#0"},
				"up": {"uv": [1, 1, 2, 2], "rotation": 90, "texture": "#0"},
				"down": {"uv": [1, 1, 2, 2], "rotation": 90, "texture": "#0"}
			}
		},
		{
			"from": [7.3751, 6.075, 4.125],
			"to": [8.6251, 7.125, 5.8],
			"rotation": {"angle": 0, "axis": "y", "origin": [8, 2.375, 10.1]},
			"faces": {
				"north": {"uv": [1, 1, 2, 2], "texture": "#0"},
				"east": {"uv": [1, 1, 2, 2], "texture": "#0"},
				"south": {"uv": [1, 1, 2, 2], "texture": "#0"},
				"west": {"uv": [1, 1, 2, 2], "texture": "#0"},
				"up": {"uv": [1, 1, 2, 2], "texture": "#0"},
				"down": {"uv": [1, 1, 2, 2], "texture": "#0"}
			}
		},
		{
			"from": [7.3501, 6.075, 5.55],
			"to": [8.6501, 6.625, 5.625],
			"rotation": {"angle": 0, "axis": "y", "origin": [8, 2.375, 10.1]},
			"faces": {
				"north": {"uv": [4, 7, 5, 8], "texture": "#0"},
				"east": {"uv": [4, 7, 5, 8], "texture": "#0"},
				"south": {"uv": [4, 7, 5, 8], "texture": "#0"},
				"west": {"uv": [4, 7, 5, 8], "texture": "#0"},
				"up": {"uv": [4, 7, 5, 8], "texture": "#0"},
				"down": {"uv": [4, 7, 5, 8], "texture": "#0"}
			}
		},
		{
			"from": [7.6751, 7.225, 4.275],
			"to": [8.3251, 7.35, 6.025],
			"rotation": {"angle": 0, "axis": "y", "origin": [8, 2.475, 10.1]},
			"faces": {
				"north": {"uv": [1, 4, 2, 5], "texture": "#0"},
				"east": {"uv": [1, 4, 2, 5], "texture": "#0"},
				"south": {"uv": [1, 4, 2, 5], "texture": "#0"},
				"west": {"uv": [1, 4, 2, 5], "texture": "#0"},
				"up": {"uv": [1, 4, 2, 5], "texture": "#0"},
				"down": {"uv": [1, 4, 2, 5], "texture": "#0"}
			}
		},
		{
			"from": [7.7251, 7.35, 5.975],
			"to": [8.2751, 7.4, 6.625],
			"rotation": {"angle": 0, "axis": "y", "origin": [8, 2.45, 10.2]},
			"faces": {
				"north": {"uv": [1, 4, 2, 5], "texture": "#0"},
				"east": {"uv": [1, 4, 2, 5], "texture": "#0"},
				"south": {"uv": [1, 4, 2, 5], "texture": "#0"},
				"west": {"uv": [1, 4, 2, 5], "texture": "#0"},
				"up": {"uv": [1, 4, 2, 5], "texture": "#0"},
				"down": {"uv": [1, 4, 2, 5], "texture": "#0"}
			}
		},
		{
			"from": [7.7251, 7.25, 5.975],
			"to": [8.2751, 7.3, 6.625],
			"rotation": {"angle": 0, "axis": "y", "origin": [8, 2.45, 10.2]},
			"faces": {
				"north": {"uv": [1, 4, 2, 5], "texture": "#0"},
				"east": {"uv": [1, 4, 2, 5], "texture": "#0"},
				"south": {"uv": [1, 4, 2, 5], "texture": "#0"},
				"west": {"uv": [1, 4, 2, 5], "texture": "#0"},
				"up": {"uv": [1, 4, 2, 5], "texture": "#0"},
				"down": {"uv": [1, 4, 2, 5], "texture": "#0"}
			}
		},
		{
			"from": [7.8001, 7.305, 6.475],
			"to": [7.9001, 7.43, 6.575],
			"rotation": {"angle": -22.5, "axis": "z", "origin": [7.975, 7.475, 6.2]},
			"faces": {
				"north": {"uv": [1, 1, 2, 2], "texture": "#0"},
				"east": {"uv": [1, 1, 2, 2], "texture": "#0"},
				"south": {"uv": [1, 1, 2, 2], "texture": "#0"},
				"west": {"uv": [1, 1, 2, 2], "texture": "#0"},
				"up": {"uv": [1, 1, 2, 2], "texture": "#0"},
				"down": {"uv": [1, 1, 2, 2], "texture": "#0"}
			}
		},
		{
			"from": [7.8001, 7.25, 6.475],
			"to": [7.9001, 7.5, 6.575],
			"rotation": {"angle": 0, "axis": "y", "origin": [7.975, 7.5, 6.2]},
			"faces": {
				"north": {"uv": [1, 1, 2, 2], "texture": "#0"},
				"east": {"uv": [1, 1, 2, 2], "texture": "#0"},
				"south": {"uv": [1, 1, 2, 2], "texture": "#0"},
				"west": {"uv": [1, 1, 2, 2], "texture": "#0"},
				"up": {"uv": [1, 1, 2, 2], "texture": "#0"},
				"down": {"uv": [1, 1, 2, 2], "texture": "#0"}
			}
		},
		{
			"from": [7.9001, 7.35, 6.475],
			"to": [7.9251, 7.5, 6.575],
			"rotation": {"angle": 0, "axis": "y", "origin": [7.975, 7.5, 6.2]},
			"faces": {
				"north": {"uv": [1, 7, 2, 8], "texture": "#0"},
				"east": {"uv": [1, 7, 2, 8], "texture": "#0"},
				"south": {"uv": [1, 7, 2, 8], "texture": "#0"},
				"west": {"uv": [1, 7, 2, 8], "texture": "#0"},
				"up": {"uv": [1, 7, 2, 8], "texture": "#0"},
				"down": {"uv": [1, 7, 2, 8], "texture": "#0"}
			}
		},
		{
			"from": [8.0751, 7.35, 6.475],
			"to": [8.1001, 7.5, 6.575],
			"rotation": {"angle": 0, "axis": "y", "origin": [7.975, 7.5, 6.2]},
			"faces": {
				"north": {"uv": [1, 7, 2, 8], "texture": "#0"},
				"east": {"uv": [1, 7, 2, 8], "texture": "#0"},
				"south": {"uv": [1, 7, 2, 8], "texture": "#0"},
				"west": {"uv": [1, 7, 2, 8], "texture": "#0"},
				"up": {"uv": [1, 7, 2, 8], "texture": "#0"},
				"down": {"uv": [1, 7, 2, 8], "texture": "#0"}
			}
		},
		{
			"from": [8.1001, 7.25, 6.475],
			"to": [8.2001, 7.5, 6.575],
			"rotation": {"angle": 0, "axis": "y", "origin": [8.275, 7.5, 6.2]},
			"faces": {
				"north": {"uv": [1, 1, 2, 2], "texture": "#0"},
				"east": {"uv": [1, 1, 2, 2], "texture": "#0"},
				"south": {"uv": [1, 1, 2, 2], "texture": "#0"},
				"west": {"uv": [1, 1, 2, 2], "texture": "#0"},
				"up": {"uv": [1, 1, 2, 2], "texture": "#0"},
				"down": {"uv": [1, 1, 2, 2], "texture": "#0"}
			}
		},
		{
			"from": [8.0751, 7.4, 6.475],
			"to": [8.1751, 7.525, 6.575],
			"rotation": {"angle": 22.5, "axis": "z", "origin": [8.25, 7.575, 6.2]},
			"faces": {
				"north": {"uv": [1, 1, 2, 2], "texture": "#0"},
				"east": {"uv": [1, 1, 2, 2], "texture": "#0"},
				"south": {"uv": [1, 1, 2, 2], "texture": "#0"},
				"west": {"uv": [1, 1, 2, 2], "texture": "#0"},
				"up": {"uv": [1, 1, 2, 2], "texture": "#0"},
				"down": {"uv": [1, 1, 2, 2], "texture": "#0"}
			}
		},
		{
			"from": [7.6501, 7.2, 5.875],
			"to": [8.3501, 7.375, 6.05],
			"rotation": {"angle": 0, "axis": "y", "origin": [8, 2.475, 10.1]},
			"faces": {
				"north": {"uv": [1, 1, 2, 2], "texture": "#0"},
				"east": {"uv": [1, 1, 2, 2], "texture": "#0"},
				"south": {"uv": [1, 1, 2, 2], "texture": "#0"},
				"west": {"uv": [1, 1, 2, 2], "texture": "#0"},
				"up": {"uv": [1, 1, 2, 2], "texture": "#0"},
				"down": {"uv": [1, 1, 2, 2], "texture": "#0"}
			}
		},
		{
			"from": [7.3501, 7.15, 4.25],
			"to": [8.6501, 7.275, 4.375],
			"rotation": {"angle": 0, "axis": "y", "origin": [8, 2.475, 10.1]},
			"faces": {
				"north": {"uv": [1, 4, 2, 5], "texture": "#0"},
				"east": {"uv": [1, 4, 2, 5], "texture": "#0"},
				"south": {"uv": [1, 4, 2, 5], "texture": "#0"},
				"west": {"uv": [1, 4, 2, 5], "texture": "#0"},
				"up": {"uv": [1, 4, 2, 5], "texture": "#0"},
				"down": {"uv": [1, 4, 2, 5], "texture": "#0"}
			}
		},
		{
			"from": [7.3751, 7.075, 4.225],
			"to": [8.6251, 7.325, 4.4],
			"rotation": {"angle": 0, "axis": "y", "origin": [8, 2.375, 9.9]},
			"faces": {
				"north": {"uv": [1, 1, 2, 2], "texture": "#0"},
				"east": {"uv": [1, 1, 2, 2], "texture": "#0"},
				"south": {"uv": [1, 1, 2, 2], "texture": "#0"},
				"west": {"uv": [1, 1, 2, 2], "texture": "#0"},
				"up": {"uv": [1, 1, 2, 2], "texture": "#0"},
				"down": {"uv": [1, 1, 2, 2], "texture": "#0"}
			}
		},
		{
			"from": [7.3751, 7.06, 4.15],
			"to": [8.6251, 7.31, 4.325],
			"rotation": {"angle": 22.5, "axis": "x", "origin": [8, 7.125, 4.225]},
			"faces": {
				"north": {"uv": [1, 1, 2, 2], "texture": "#0"},
				"east": {"uv": [1, 1, 2, 2], "texture": "#0"},
				"south": {"uv": [1, 1, 2, 2], "texture": "#0"},
				"west": {"uv": [1, 1, 2, 2], "texture": "#0"},
				"up": {"uv": [1, 1, 2, 2], "texture": "#0"},
				"down": {"uv": [1, 1, 2, 2], "texture": "#0"}
			}
		},
		{
			"from": [7.3751, 7.05, 4.3],
			"to": [8.6251, 7.3, 4.475],
			"rotation": {"angle": -22.5, "axis": "x", "origin": [8, 7.125, 4.375]},
			"faces": {
				"north": {"uv": [1, 1, 2, 2], "texture": "#0"},
				"east": {"uv": [1, 1, 2, 2], "texture": "#0"},
				"south": {"uv": [1, 1, 2, 2], "texture": "#0"},
				"west": {"uv": [1, 1, 2, 2], "texture": "#0"},
				"up": {"uv": [1, 1, 2, 2], "texture": "#0"},
				"down": {"uv": [1, 1, 2, 2], "texture": "#0"}
			}
		},
		{
			"from": [9.7501, 7.5, 5.8],
			"to": [10.2501, 7.825, 13.55],
			"rotation": {"angle": 45, "axis": "z", "origin": [10, 4.4, 10.1]},
			"faces": {
				"north": {"uv": [1, 4, 2, 5], "texture": "#0"},
				"east": {"uv": [1, 4, 2, 5], "texture": "#0"},
				"south": {"uv": [1, 4, 2, 5], "texture": "#0"},
				"west": {"uv": [1, 4, 2, 5], "texture": "#0"},
				"up": {"uv": [1, 4, 2, 5], "texture": "#0"},
				"down": {"uv": [1, 4, 2, 5], "texture": "#0"}
			}
		},
		{
			"from": [9.7251, 7.375, 1.525],
			"to": [10.2501, 7.8, 1.625],
			"rotation": {"angle": 45, "axis": "z", "origin": [10, 4.325, 5.925]},
			"faces": {
				"north": {"uv": [4, 7, 4, 8], "texture": "#0"},
				"east": {"uv": [4, 7, 4, 8], "texture": "#0"},
				"south": {"uv": [4, 7, 4, 8], "texture": "#0"},
				"west": {"uv": [4, 7, 4, 8], "texture": "#0"},
				"up": {"uv": [4, 7, 4, 8], "texture": "#0"},
				"down": {"uv": [4, 7, 4, 8], "texture": "#0"}
			}
		},
		{
			"from": [9.7501, 7.375, 1.625],
			"to": [10.2501, 7.75, 4.025],
			"rotation": {"angle": 45, "axis": "z", "origin": [10, 4.325, 6.175]},
			"faces": {
				"north": {"uv": [4, 1, 5, 2], "texture": "#0"},
				"east": {"uv": [4, 1, 5, 2], "texture": "#0"},
				"south": {"uv": [4, 1, 5, 2], "texture": "#0"},
				"west": {"uv": [4, 1, 5, 2], "texture": "#0"},
				"up": {"uv": [4, 1, 5, 2], "texture": "#0"},
				"down": {"uv": [4, 1, 5, 2], "texture": "#0"}
			}
		},
		{
			"from": [8.03294, 6.80442, 1.85],
			"to": [8.55794, 6.82942, 2.2],
			"rotation": {"angle": 45, "axis": "z", "origin": [8, 5.925, 2.05]},
			"faces": {
				"north": {"uv": [1, 7, 2, 8], "texture": "#0"},
				"east": {"uv": [1, 7, 2, 8], "texture": "#0"},
				"south": {"uv": [1, 7, 2, 8], "texture": "#0"},
				"west": {"uv": [1, 7, 2, 8], "texture": "#0"},
				"up": {"uv": [1, 7, 2, 8], "texture": "#0"},
				"down": {"uv": [1, 7, 2, 8], "texture": "#0"}
			}
		},
		{
			"from": [8.03294, 6.80442, 2.75],
			"to": [8.55794, 6.82942, 3.1],
			"rotation": {"angle": 45, "axis": "z", "origin": [8, 5.925, 2.95]},
			"faces": {
				"north": {"uv": [1, 7, 2, 8], "texture": "#0"},
				"east": {"uv": [1, 7, 2, 8], "texture": "#0"},
				"south": {"uv": [1, 7, 2, 8], "texture": "#0"},
				"west": {"uv": [1, 7, 2, 8], "texture": "#0"},
				"up": {"uv": [1, 7, 2, 8], "texture": "#0"},
				"down": {"uv": [1, 7, 2, 8], "texture": "#0"}
			}
		},
		{
			"from": [7.1501, 4.425, 6.85],
			"to": [8.8491, 5.375, 9.75],
			"rotation": {"angle": 0, "axis": "y", "origin": [8, 2.375, 9.05]},
			"faces": {
				"north": {"uv": [1, 4, 2, 5], "texture": "#0"},
				"east": {"uv": [1, 4, 2, 5], "texture": "#0"},
				"south": {"uv": [1, 4, 2, 5], "texture": "#0"},
				"west": {"uv": [1, 4, 2, 5], "texture": "#0"},
				"up": {"uv": [1, 4, 2, 5], "texture": "#0"},
				"down": {"uv": [1, 4, 2, 5], "texture": "#0"}
			}
		},
		{
			"from": [7.1251, 4.875, 6.95],
			"to": [8.8741, 5.275, 9.125],
			"rotation": {"angle": 0, "axis": "y", "origin": [8, 2.825, 9.05]},
			"faces": {
				"north": {"uv": [4, 7, 5, 8], "texture": "#0"},
				"east": {"uv": [4, 7, 5, 8], "texture": "#0"},
				"south": {"uv": [4, 7, 5, 8], "texture": "#0"},
				"west": {"uv": [4, 7, 5, 8], "texture": "#0"},
				"up": {"uv": [4, 7, 5, 8], "texture": "#0"},
				"down": {"uv": [4, 7, 5, 8], "texture": "#0"}
			}
		},
		{
			"from": [7.1751, 5.1, 12.3],
			"to": [8.8241, 5.35, 13.325],
			"rotation": {"angle": 0, "axis": "y", "origin": [8, 2.55, 9.65]},
			"faces": {
				"north": {"uv": [4, 7, 5, 8], "texture": "#0"},
				"east": {"uv": [4, 7, 5, 8], "texture": "#0"},
				"south": {"uv": [4, 7, 5, 8], "texture": "#0"},
				"west": {"uv": [4, 7, 5, 8], "texture": "#0"},
				"up": {"uv": [4, 7, 5, 8], "texture": "#0"},
				"down": {"uv": [4, 7, 5, 8], "texture": "#0"}
			}
		},
		{
			"from": [7.1251, 4.9, 12.3],
			"to": [8.8741, 5.05, 13.325],
			"rotation": {"angle": 0, "axis": "y", "origin": [8, 2.55, 9.65]},
			"faces": {
				"north": {"uv": [4, 7, 5, 8], "texture": "#0"},
				"east": {"uv": [4, 7, 5, 8], "texture": "#0"},
				"south": {"uv": [4, 7, 5, 8], "texture": "#0"},
				"west": {"uv": [4, 7, 5, 8], "texture": "#0"},
				"up": {"uv": [4, 7, 5, 8], "texture": "#0"},
				"down": {"uv": [4, 7, 5, 8], "texture": "#0"}
			}
		},
		{
			"from": [7.1751, 5.35, 12.9],
			"to": [8.8241, 5.525, 13.325],
			"rotation": {"angle": 0, "axis": "y", "origin": [8, 2.55, 9.65]},
			"faces": {
				"north": {"uv": [4, 7, 5, 8], "texture": "#0"},
				"east": {"uv": [4, 7, 5, 8], "texture": "#0"},
				"south": {"uv": [4, 7, 5, 8], "texture": "#0"},
				"west": {"uv": [4, 7, 5, 8], "texture": "#0"},
				"up": {"uv": [4, 7, 5, 8], "texture": "#0"},
				"down": {"uv": [4, 7, 5, 8], "texture": "#0"}
			}
		},
		{
			"from": [7.1751, 5.375, 12.425],
			"to": [8.8241, 5.625, 13.425],
			"rotation": {"angle": -22.5, "axis": "x", "origin": [8, 5.2, 13.025]},
			"faces": {
				"north": {"uv": [4, 7, 5, 8], "texture": "#0"},
				"east": {"uv": [4, 7, 5, 8], "texture": "#0"},
				"south": {"uv": [4, 7, 5, 8], "texture": "#0"},
				"west": {"uv": [4, 7, 5, 8], "texture": "#0"},
				"up": {"uv": [4, 7, 5, 8], "texture": "#0"},
				"down": {"uv": [4, 7, 5, 8], "texture": "#0"}
			}
		},
		{
			"from": [7.1251, 4.75, 8.15],
			"to": [8.8741, 4.95, 8.825],
			"rotation": {"angle": 22.5, "axis": "x", "origin": [8, 2.825, 9.05]},
			"faces": {
				"north": {"uv": [4, 7, 5, 8], "texture": "#0"},
				"east": {"uv": [4, 7, 5, 8], "texture": "#0"},
				"south": {"uv": [4, 7, 5, 8], "texture": "#0"},
				"west": {"uv": [4, 7, 5, 8], "texture": "#0"},
				"up": {"uv": [4, 7, 5, 8], "texture": "#0"},
				"down": {"uv": [4, 7, 5, 8], "texture": "#0"}
			}
		},
		{
			"from": [7.1251, 4.675, 6.95],
			"to": [8.8741, 4.875, 9.65],
			"rotation": {"angle": 0, "axis": "y", "origin": [8, 2.375, 9.05]},
			"faces": {
				"north": {"uv": [4, 7, 5, 8], "texture": "#0"},
				"east": {"uv": [4, 7, 5, 8], "texture": "#0"},
				"south": {"uv": [4, 7, 5, 8], "texture": "#0"},
				"west": {"uv": [4, 7, 5, 8], "texture": "#0"},
				"up": {"uv": [4, 7, 5, 8], "texture": "#0"},
				"down": {"uv": [4, 7, 5, 8], "texture": "#0"}
			}
		},
		{
			"from": [7.1251, 4.5, 6.95],
			"to": [8.8741, 4.6, 9.65],
			"rotation": {"angle": 0, "axis": "y", "origin": [8, 2.2, 9.05]},
			"faces": {
				"north": {"uv": [4, 7, 5, 8], "texture": "#0"},
				"east": {"uv": [4, 7, 5, 8], "texture": "#0"},
				"south": {"uv": [4, 7, 5, 8], "texture": "#0"},
				"west": {"uv": [4, 7, 5, 8], "texture": "#0"},
				"up": {"uv": [4, 7, 5, 8], "texture": "#0"},
				"down": {"uv": [4, 7, 5, 8], "texture": "#0"}
			}
		},
		{
			"from": [7.3501, 4.65, 5.725],
			"to": [8.6501, 4.775, 13.8],
			"rotation": {"angle": 0, "axis": "y", "origin": [8, 2.375, 10.1]},
			"faces": {
				"north": {"uv": [1, 4, 2, 5], "texture": "#0"},
				"east": {"uv": [1, 4, 2, 5], "texture": "#0"},
				"south": {"uv": [1, 4, 2, 5], "texture": "#0"},
				"west": {"uv": [1, 4, 2, 5], "texture": "#0"},
				"up": {"uv": [1, 4, 2, 5], "texture": "#0"},
				"down": {"uv": [1, 4, 2, 5], "texture": "#0"}
			}
		},
		{
			"from": [7.6001, 3.725, 10.525],
			"to": [8.4001, 3.775, 11.4],
			"rotation": {"angle": 0, "axis": "y", "origin": [8, 2.375, 9.9]},
			"faces": {
				"north": {"uv": [1, 1, 2, 2], "texture": "#0"},
				"east": {"uv": [1, 1, 2, 2], "texture": "#0"},
				"south": {"uv": [1, 1, 2, 2], "texture": "#0"},
				"west": {"uv": [1, 1, 2, 2], "texture": "#0"},
				"up": {"uv": [1, 1, 2, 2], "texture": "#0"},
				"down": {"uv": [1, 1, 2, 2], "texture": "#0"}
			}
		},
		{
			"from": [7.6001, 3.712, 10.519],
			"to": [8.4001, 4.012, 10.569],
			"rotation": {"angle": -45, "axis": "x", "origin": [8, 3.725, 10.5]},
			"faces": {
				"north": {"uv": [1, 1, 2, 2], "rotation": 90, "texture": "#0"},
				"east": {"uv": [1, 1, 2, 2], "rotation": 90, "texture": "#0"},
				"south": {"uv": [1, 1, 2, 2], "rotation": 90, "texture": "#0"},
				"west": {"uv": [1, 1, 2, 2], "rotation": 90, "texture": "#0"},
				"up": {"uv": [1, 1, 2, 2], "rotation": 90, "texture": "#0"},
				"down": {"uv": [1, 1, 2, 2], "rotation": 90, "texture": "#0"}
			}
		},
		{
			"from": [7.6001, 3.93, 11.313],
			"to": [8.4001, 3.98, 11.613],
			"rotation": {"angle": -45, "axis": "x", "origin": [8, 3.925, 11.6]},
			"faces": {
				"north": {"uv": [1, 1, 2, 2], "rotation": 270, "texture": "#0"},
				"east": {"uv": [1, 1, 2, 2], "rotation": 180, "texture": "#0"},
				"south": {"uv": [1, 1, 2, 2], "rotation": 90, "texture": "#0"},
				"west": {"uv": [1, 1, 2, 2], "texture": "#0"},
				"up": {"uv": [1, 1, 2, 2], "rotation": 90, "texture": "#0"},
				"down": {"uv": [1, 1, 2, 2], "rotation": 270, "texture": "#0"}
			}
		},
		{
			"from": [7.6001, 3.93325, 11.56],
			"to": [8.4001, 4.53325, 11.61],
			"rotation": {"angle": 0, "axis": "y", "origin": [8, 3.725, 11.55]},
			"faces": {
				"north": {"uv": [1, 1, 2, 2], "rotation": 270, "texture": "#0"},
				"east": {"uv": [1, 1, 2, 2], "rotation": 270, "texture": "#0"},
				"south": {"uv": [1, 1, 2, 2], "rotation": 270, "texture": "#0"},
				"west": {"uv": [1, 1, 2, 2], "rotation": 270, "texture": "#0"},
				"up": {"uv": [1, 1, 2, 2], "rotation": 270, "texture": "#0"},
				"down": {"uv": [1, 1, 2, 2], "rotation": 270, "texture": "#0"}
			}
		},
		{
			"from": [7.5001, 3.93325, 9.81],
			"to": [8.5001, 4.68325, 10.36],
			"rotation": {"angle": 0, "axis": "y", "origin": [8, 3.725, 11.95]},
			"faces": {
				"north": {"uv": [1, 1, 2, 2], "rotation": 270, "texture": "#0"},
				"east": {"uv": [1, 1, 2, 2], "rotation": 270, "texture": "#0"},
				"south": {"uv": [1, 1, 2, 2], "rotation": 270, "texture": "#0"},
				"west": {"uv": [1, 1, 2, 2], "rotation": 270, "texture": "#0"},
				"up": {"uv": [1, 1, 2, 2], "rotation": 270, "texture": "#0"},
				"down": {"uv": [1, 1, 2, 2], "rotation": 270, "texture": "#0"}
			}
		},
		{
			"from": [7.4751, 4.38325, 9.86],
			"to": [8.5251, 4.68325, 10.31],
			"rotation": {"angle": 0, "axis": "y", "origin": [8, 3.725, 11.95]},
			"faces": {
				"north": {"uv": [1, 4, 2, 5], "rotation": 270, "texture": "#0"},
				"east": {"uv": [1, 4, 2, 5], "rotation": 270, "texture": "#0"},
				"south": {"uv": [1, 4, 2, 5], "rotation": 270, "texture": "#0"},
				"west": {"uv": [1, 4, 2, 5], "rotation": 270, "texture": "#0"},
				"up": {"uv": [1, 4, 2, 5], "rotation": 270, "texture": "#0"},
				"down": {"uv": [1, 4, 2, 5], "rotation": 270, "texture": "#0"}
			}
		},
		{
			"from": [7.7001, 3.60825, 9.91],
			"to": [8.3001, 3.93325, 9.96],
			"rotation": {"angle": 0, "axis": "y", "origin": [8, 3.025, 11.95]},
			"faces": {
				"north": {"uv": [1, 4, 2, 5], "texture": "#0"},
				"east": {"uv": [1, 4, 2, 5], "texture": "#0"},
				"south": {"uv": [1, 4, 2, 5], "texture": "#0"},
				"west": {"uv": [1, 4, 2, 5], "texture": "#0"},
				"up": {"uv": [1, 4, 2, 5], "texture": "#0"},
				"down": {"uv": [1, 4, 2, 5], "texture": "#0"}
			}
		},
		{
			"from": [7.8001, 4.21, 10.84175],
			"to": [8.2001, 4.36, 11.11675],
			"rotation": {"angle": -45, "axis": "x", "origin": [8, 4.35, 11.25]},
			"faces": {
				"north": {"uv": [1, 4, 2, 5], "rotation": 180, "texture": "#0"},
				"east": {"uv": [1, 4, 2, 5], "rotation": 180, "texture": "#0"},
				"south": {"uv": [1, 4, 2, 5], "rotation": 180, "texture": "#0"},
				"west": {"uv": [1, 4, 2, 5], "rotation": 180, "texture": "#0"},
				"up": {"uv": [1, 4, 2, 5], "rotation": 180, "texture": "#0"},
				"down": {"uv": [1, 4, 2, 5], "rotation": 180, "texture": "#0"}
			}
		},
		{
			"from": [7.7001, 4.209, 10.22],
			"to": [8.3001, 4.359, 10.27],
			"rotation": {"angle": -22.5, "axis": "x", "origin": [8, 3.2, 11.95]},
			"faces": {
				"north": {"uv": [1, 4, 2, 5], "texture": "#0"},
				"east": {"uv": [1, 4, 2, 5], "texture": "#0"},
				"south": {"uv": [1, 4, 2, 5], "texture": "#0"},
				"west": {"uv": [1, 4, 2, 5], "texture": "#0"},
				"up": {"uv": [1, 4, 2, 5], "texture": "#0"},
				"down": {"uv": [1, 4, 2, 5], "texture": "#0"}
			}
		},
		{
			"from": [7.8001, 4.17217, 11.17987],
			"to": [8.2001, 4.47217, 11.32987],
			"rotation": {"angle": 22.5, "axis": "x", "origin": [8, 4.35, 11.25]},
			"faces": {
				"north": {"uv": [1, 4, 2, 5], "rotation": 90, "texture": "#0"},
				"east": {"uv": [1, 4, 2, 5], "rotation": 90, "texture": "#0"},
				"south": {"uv": [1, 4, 2, 5], "rotation": 90, "texture": "#0"},
				"west": {"uv": [1, 4, 2, 5], "rotation": 90, "texture": "#0"},
				"up": {"uv": [1, 4, 2, 5], "rotation": 90, "texture": "#0"},
				"down": {"uv": [1, 4, 2, 5], "rotation": 90, "texture": "#0"}
			}
		},
		{
			"from": [7.9001, 4.37217, 11.37987],
			"to": [8.1001, 4.59717, 11.75487],
			"rotation": {"angle": -22.5, "axis": "x", "origin": [8, 4.35, 11.25]},
			"faces": {
				"north": {"uv": [4, 7, 5, 8], "rotation": 90, "texture": "#0"},
				"east": {"uv": [4, 7, 5, 8], "rotation": 90, "texture": "#0"},
				"south": {"uv": [4, 7, 5, 8], "rotation": 90, "texture": "#0"},
				"west": {"uv": [4, 7, 5, 8], "rotation": 90, "texture": "#0"},
				"up": {"uv": [4, 7, 5, 8], "rotation": 90, "texture": "#0"},
				"down": {"uv": [4, 7, 5, 8], "rotation": 90, "texture": "#0"}
			}
		},
		{
			"from": [7.8001, 4.43426, 11.21504],
			"to": [8.2001, 4.68426, 11.36504],
			"rotation": {"angle": 0, "axis": "y", "origin": [8, 4.35, 11.25]},
			"faces": {
				"north": {"uv": [1, 4, 2, 5], "rotation": 90, "texture": "#0"},
				"east": {"uv": [1, 4, 2, 5], "rotation": 90, "texture": "#0"},
				"south": {"uv": [1, 4, 2, 5], "rotation": 90, "texture": "#0"},
				"west": {"uv": [1, 4, 2, 5], "rotation": 90, "texture": "#0"},
				"up": {"uv": [1, 4, 2, 5], "rotation": 90, "texture": "#0"},
				"down": {"uv": [1, 4, 2, 5], "rotation": 90, "texture": "#0"}
			}
		},
		{
			"from": [7.2001, 4.775, 5.6],
			"to": [8.7991, 6.675, 14.05],
			"rotation": {"angle": 0, "axis": "y", "origin": [8, 2.375, 10.1]},
			"faces": {
				"north": {"uv": [1, 1, 2, 2], "texture": "#0"},
				"east": {"uv": [1, 1, 2, 2], "texture": "#0"},
				"south": {"uv": [1, 1, 2, 2], "texture": "#0"},
				"west": {"uv": [1, 1, 2, 2], "texture": "#0"},
				"up": {"uv": [1, 1, 2, 2], "texture": "#0"},
				"down": {"uv": [1, 1, 2, 2], "texture": "#0"}
			}
		},
		{
			"from": [7.2001, 5.175, 14.05],
			"to": [8.7991, 5.925, 14.375],
			"rotation": {"angle": 0, "axis": "y", "origin": [8, 2.375, 10.1]},
			"faces": {
				"north": {"uv": [1, 1, 2, 2], "texture": "#0"},
				"east": {"uv": [1, 1, 2, 2], "texture": "#0"},
				"south": {"uv": [1, 1, 2, 2], "texture": "#0"},
				"west": {"uv": [1, 1, 2, 2], "texture": "#0"},
				"up": {"uv": [1, 1, 2, 2], "texture": "#0"},
				"down": {"uv": [1, 1, 2, 2], "texture": "#0"}
			}
		},
		{
			"from": [7.2751, 5.15, 14.05],
			"to": [8.7241, 6.575, 14.525],
			"rotation": {"angle": 0, "axis": "y", "origin": [8, 2.375, 10.1]},
			"faces": {
				"north": {"uv": [1, 4, 2, 5], "texture": "#0"},
				"east": {"uv": [1, 4, 2, 5], "texture": "#0"},
				"south": {"uv": [1, 4, 2, 5], "texture": "#0"},
				"west": {"uv": [1, 4, 2, 5], "texture": "#0"},
				"up": {"uv": [1, 4, 2, 5], "texture": "#0"},
				"down": {"uv": [1, 4, 2, 5], "texture": "#0"}
			}
		},
		{
			"from": [7.3001, 5.175, 14.425],
			"to": [8.6991, 6.425, 18.15],
			"rotation": {"angle": 0, "axis": "y", "origin": [8, 2.375, 10.475]},
			"faces": {
				"north": {"uv": [4, 1, 5, 2], "texture": "#0"},
				"east": {"uv": [4, 1, 5, 2], "texture": "#0"},
				"south": {"uv": [4, 1, 5, 2], "texture": "#0"},
				"west": {"uv": [4, 1, 5, 2], "texture": "#0"},
				"up": {"uv": [4, 1, 5, 2], "texture": "#0"},
				"down": {"uv": [4, 1, 5, 2], "texture": "#0"}
			}
		},
		{
			"from": [7.2751, 5.175, 18.025],
			"to": [8.7241, 6.55, 18.325],
			"rotation": {"angle": 0, "axis": "y", "origin": [8, 2.375, 10.575]},
			"faces": {
				"north": {"uv": [1, 1, 2, 2], "texture": "#0"},
				"east": {"uv": [1, 1, 2, 2], "texture": "#0"},
				"south": {"uv": [1, 1, 2, 2], "texture": "#0"},
				"west": {"uv": [1, 1, 2, 2], "texture": "#0"},
				"up": {"uv": [1, 1, 2, 2], "texture": "#0"},
				"down": {"uv": [1, 1, 2, 2], "texture": "#0"}
			}
		},
		{
			"from": [7.2751, 4.025, 17.85],
			"to": [8.7241, 5.2, 18.15],
			"rotation": {"angle": 22.5, "axis": "x", "origin": [8, 4.75, 18.2]},
			"faces": {
				"north": {"uv": [1, 1, 2, 2], "texture": "#0"},
				"east": {"uv": [1, 1, 2, 2], "texture": "#0"},
				"south": {"uv": [1, 1, 2, 2], "texture": "#0"},
				"west": {"uv": [1, 1, 2, 2], "texture": "#0"},
				"up": {"uv": [1, 1, 2, 2], "texture": "#0"},
				"down": {"uv": [1, 1, 2, 2], "texture": "#0"}
			}
		},
		{
			"from": [7.6001, 6.525, 16.125],
			"to": [8.4491, 6.755, 18.15],
			"rotation": {"angle": 0, "axis": "y", "origin": [8, 2.7, 10.475]},
			"faces": {
				"north": {"uv": [4, 1, 5, 2], "texture": "#0"},
				"east": {"uv": [4, 1, 5, 2], "texture": "#0"},
				"south": {"uv": [4, 1, 5, 2], "texture": "#0"},
				"west": {"uv": [4, 1, 5, 2], "texture": "#0"},
				"up": {"uv": [4, 1, 5, 2], "texture": "#0"},
				"down": {"uv": [4, 1, 5, 2], "texture": "#0"}
			}
		},
		{
			"from": [7.5501, 6.525, 18.025],
			"to": [8.4491, 6.78, 18.325],
			"rotation": {"angle": 0, "axis": "y", "origin": [8, 2.7, 10.65]},
			"faces": {
				"north": {"uv": [1, 1, 2, 2], "texture": "#0"},
				"east": {"uv": [1, 1, 2, 2], "texture": "#0"},
				"south": {"uv": [1, 1, 2, 2], "texture": "#0"},
				"west": {"uv": [1, 1, 2, 2], "texture": "#0"},
				"up": {"uv": [1, 1, 2, 2], "texture": "#0"},
				"down": {"uv": [1, 1, 2, 2], "texture": "#0"}
			}
		},
		{
			"from": [7.6001, 6.45, 14.425],
			"to": [8.4491, 6.68, 16.45],
			"rotation": {"angle": 0, "axis": "y", "origin": [8, 2.625, 8.775]},
			"faces": {
				"north": {"uv": [4, 1, 5, 2], "texture": "#0"},
				"east": {"uv": [4, 1, 5, 2], "texture": "#0"},
				"south": {"uv": [4, 1, 5, 2], "texture": "#0"},
				"west": {"uv": [4, 1, 5, 2], "texture": "#0"},
				"up": {"uv": [4, 1, 5, 2], "texture": "#0"},
				"down": {"uv": [4, 1, 5, 2], "texture": "#0"}
			}
		},
		{
			"from": [7.3001, 6.425, 16.125],
			"to": [8.6991, 6.5, 18.15],
			"rotation": {"angle": 0, "axis": "y", "origin": [8, 2.45, 10.475]},
			"faces": {
				"north": {"uv": [4, 1, 5, 2], "texture": "#0"},
				"east": {"uv": [4, 1, 5, 2], "texture": "#0"},
				"south": {"uv": [4, 1, 5, 2], "texture": "#0"},
				"west": {"uv": [4, 1, 5, 2], "texture": "#0"},
				"up": {"uv": [4, 1, 5, 2], "texture": "#0"},
				"down": {"uv": [4, 1, 5, 2], "texture": "#0"}
			}
		},
		{
			"from": [10.0751, 7.55, 16.125],
			"to": [10.4491, 7.9, 18.15],
			"rotation": {"angle": 45, "axis": "z", "origin": [10.375, 3.85, 10.475]},
			"faces": {
				"north": {"uv": [4, 1, 5, 2], "texture": "#0"},
				"east": {"uv": [4, 1, 5, 2], "texture": "#0"},
				"south": {"uv": [4, 1, 5, 2], "texture": "#0"},
				"west": {"uv": [4, 1, 5, 2], "texture": "#0"},
				"up": {"uv": [4, 1, 5, 2], "texture": "#0"},
				"down": {"uv": [4, 1, 5, 2], "texture": "#0"}
			}
		},
		{
			"from": [10.0751, 7.55, 17.25],
			"to": [10.4491, 7.925, 17.85],
			"rotation": {"angle": 45, "axis": "z", "origin": [10.375, 3.85, 10.475]},
			"faces": {
				"north": {"uv": [1, 7, 2, 8], "texture": "#0"},
				"east": {"uv": [1, 7, 2, 8], "texture": "#0"},
				"south": {"uv": [1, 7, 2, 8], "texture": "#0"},
				"west": {"uv": [1, 7, 2, 8], "texture": "#0"},
				"up": {"uv": [1, 7, 2, 8], "texture": "#0"},
				"down": {"uv": [1, 7, 2, 8], "texture": "#0"}
			}
		},
		{
			"from": [10.0751, 7.55, 18.025],
			"to": [10.4491, 7.925, 18.325],
			"rotation": {"angle": 45, "axis": "z", "origin": [10.375, 3.85, 10.65]},
			"faces": {
				"north": {"uv": [1, 1, 2, 2], "texture": "#0"},
				"east": {"uv": [1, 1, 2, 2], "texture": "#0"},
				"south": {"uv": [1, 1, 2, 2], "texture": "#0"},
				"west": {"uv": [1, 1, 2, 2], "texture": "#0"},
				"up": {"uv": [1, 1, 2, 2], "texture": "#0"},
				"down": {"uv": [1, 1, 2, 2], "texture": "#0"}
			}
		},
		{
			"from": [10.0751, 7.475, 14.425],
			"to": [10.4491, 7.825, 16.45],
			"rotation": {"angle": 45, "axis": "z", "origin": [10.375, 3.775, 8.775]},
			"faces": {
				"north": {"uv": [4, 1, 5, 2], "texture": "#0"},
				"east": {"uv": [4, 1, 5, 2], "texture": "#0"},
				"south": {"uv": [4, 1, 5, 2], "texture": "#0"},
				"west": {"uv": [4, 1, 5, 2], "texture": "#0"},
				"up": {"uv": [4, 1, 5, 2], "texture": "#0"},
				"down": {"uv": [4, 1, 5, 2], "texture": "#0"}
			}
		},
		{
			"from": [10.9501, 7.525, 16.125],
			"to": [11.3491, 7.875, 18.15],
			"rotation": {"angle": 45, "axis": "z", "origin": [11.25, 3.825, 10.475]},
			"faces": {
				"north": {"uv": [4, 1, 5, 2], "texture": "#0"},
				"east": {"uv": [4, 1, 5, 2], "texture": "#0"},
				"south": {"uv": [4, 1, 5, 2], "texture": "#0"},
				"west": {"uv": [4, 1, 5, 2], "texture": "#0"},
				"up": {"uv": [4, 1, 5, 2], "texture": "#0"},
				"down": {"uv": [4, 1, 5, 2], "texture": "#0"}
			}
		},
		{
			"from": [10.9501, 7.525, 17.25],
			"to": [11.3741, 7.875, 17.875],
			"rotation": {"angle": 45, "axis": "z", "origin": [11.25, 3.825, 10.475]},
			"faces": {
				"north": {"uv": [1, 7, 2, 8], "texture": "#0"},
				"east": {"uv": [1, 7, 2, 8], "texture": "#0"},
				"south": {"uv": [1, 7, 2, 8], "texture": "#0"},
				"west": {"uv": [1, 7, 2, 8], "texture": "#0"},
				"up": {"uv": [1, 7, 2, 8], "texture": "#0"},
				"down": {"uv": [1, 7, 2, 8], "texture": "#0"}
			}
		},
		{
			"from": [10.9501, 7.525, 18.025],
			"to": [11.3741, 7.875, 18.325],
			"rotation": {"angle": 45, "axis": "z", "origin": [11.25, 3.825, 10.65]},
			"faces": {
				"north": {"uv": [1, 1, 2, 2], "texture": "#0"},
				"east": {"uv": [1, 1, 2, 2], "texture": "#0"},
				"south": {"uv": [1, 1, 2, 2], "texture": "#0"},
				"west": {"uv": [1, 1, 2, 2], "texture": "#0"},
				"up": {"uv": [1, 1, 2, 2], "texture": "#0"},
				"down": {"uv": [1, 1, 2, 2], "texture": "#0"}
			}
		},
		{
			"from": [10.9501, 7.45, 14.425],
			"to": [11.3491, 7.8, 16.45],
			"rotation": {"angle": 45, "axis": "z", "origin": [11.25, 3.75, 8.775]},
			"faces": {
				"north": {"uv": [4, 1, 5, 2], "texture": "#0"},
				"east": {"uv": [4, 1, 5, 2], "texture": "#0"},
				"south": {"uv": [4, 1, 5, 2], "texture": "#0"},
				"west": {"uv": [4, 1, 5, 2], "texture": "#0"},
				"up": {"uv": [4, 1, 5, 2], "texture": "#0"},
				"down": {"uv": [4, 1, 5, 2], "texture": "#0"}
			}
		},
		{
			"from": [7.3001, 6.4, 16.15],
			"to": [8.6991, 6.475, 16.375],
			"rotation": {"angle": -22.5, "axis": "x", "origin": [8, 5.875, 16.2]},
			"faces": {
				"north": {"uv": [4, 1, 5, 2], "texture": "#0"},
				"east": {"uv": [4, 1, 5, 2], "texture": "#0"},
				"south": {"uv": [4, 1, 5, 2], "texture": "#0"},
				"west": {"uv": [4, 1, 5, 2], "texture": "#0"},
				"up": {"uv": [4, 1, 5, 2], "texture": "#0"},
				"down": {"uv": [4, 1, 5, 2], "texture": "#0"}
			}
		},
		{
			"from": [7.2751, 6.235, 17.25],
			"to": [8.7241, 6.51, 17.85],
			"rotation": {"angle": 0, "axis": "y", "origin": [8, 4.5, 17.25]},
			"faces": {
				"north": {"uv": [1, 7, 2, 8], "rotation": 270, "texture": "#0"},
				"east": {"uv": [1, 7, 2, 8], "rotation": 270, "texture": "#0"},
				"south": {"uv": [1, 7, 2, 8], "rotation": 270, "texture": "#0"},
				"west": {"uv": [1, 7, 2, 8], "rotation": 270, "texture": "#0"},
				"up": {"uv": [1, 7, 2, 8], "rotation": 270, "texture": "#0"},
				"down": {"uv": [1, 7, 2, 8], "rotation": 270, "texture": "#0"}
			}
		},
		{
			"from": [7.2751, 4.76, 16.525],
			"to": [8.7241, 6.66, 17.125],
			"rotation": {"angle": 22.5, "axis": "x", "origin": [8, 4.65, 16.525]},
			"faces": {
				"north": {"uv": [1, 7, 2, 8], "rotation": 270, "texture": "#0"},
				"east": {"uv": [1, 7, 2, 8], "rotation": 270, "texture": "#0"},
				"south": {"uv": [1, 7, 2, 8], "rotation": 270, "texture": "#0"},
				"west": {"uv": [1, 7, 2, 8], "rotation": 270, "texture": "#0"},
				"up": {"uv": [1, 7, 2, 8], "rotation": 270, "texture": "#0"},
				"down": {"uv": [1, 7, 2, 8], "rotation": 270, "texture": "#0"}
			}
		},
		{
			"from": [7.5501, 6.46, 17.25],
			"to": [8.4741, 6.785, 17.85],
			"rotation": {"angle": 0, "axis": "y", "origin": [8, 4.65, 17.25]},
			"faces": {
				"north": {"uv": [1, 7, 2, 8], "rotation": 270, "texture": "#0"},
				"east": {"uv": [1, 7, 2, 8], "rotation": 270, "texture": "#0"},
				"south": {"uv": [1, 7, 2, 8], "rotation": 270, "texture": "#0"},
				"west": {"uv": [1, 7, 2, 8], "rotation": 270, "texture": "#0"},
				"up": {"uv": [1, 7, 2, 8], "rotation": 270, "texture": "#0"},
				"down": {"uv": [1, 7, 2, 8], "rotation": 270, "texture": "#0"}
			}
		},
		{
			"from": [7.3001, 4.81, 15.05],
			"to": [8.6991, 5.81, 17.95],
			"rotation": {"angle": 22.5, "axis": "x", "origin": [8, 4.65, 16.45]},
			"faces": {
				"north": {"uv": [4, 1, 5, 2], "rotation": 180, "texture": "#0"},
				"east": {"uv": [4, 1, 5, 2], "rotation": 90, "texture": "#0"},
				"south": {"uv": [4, 1, 5, 2], "texture": "#0"},
				"west": {"uv": [4, 1, 5, 2], "rotation": 270, "texture": "#0"},
				"up": {"uv": [4, 1, 5, 2], "texture": "#0"},
				"down": {"uv": [4, 1, 5, 2], "rotation": 180, "texture": "#0"}
			}
		},
		{
			"from": [7.5001, 4.735, 15.05],
			"to": [8.4991, 5.735, 17.8],
			"rotation": {"angle": 22.5, "axis": "x", "origin": [8, 4.65, 16.45]},
			"faces": {
				"north": {"uv": [4, 4, 5, 5], "rotation": 270, "texture": "#0"},
				"east": {"uv": [4, 4, 5, 5], "rotation": 270, "texture": "#0"},
				"south": {"uv": [4, 4, 5, 5], "rotation": 270, "texture": "#0"},
				"west": {"uv": [4, 4, 5, 5], "rotation": 270, "texture": "#0"},
				"up": {"uv": [4, 4, 5, 5], "rotation": 270, "texture": "#0"},
				"down": {"uv": [4, 4, 5, 5], "rotation": 270, "texture": "#0"}
			}
		},
		{
			"from": [7.4751, 4.71, 16.5],
			"to": [8.5241, 5.735, 17.125],
			"rotation": {"angle": 22.5, "axis": "x", "origin": [8, 4.65, 16.45]},
			"faces": {
				"north": {"uv": [1, 7, 2, 8], "rotation": 270, "texture": "#0"},
				"east": {"uv": [1, 7, 2, 8], "rotation": 270, "texture": "#0"},
				"south": {"uv": [1, 7, 2, 8], "rotation": 270, "texture": "#0"},
				"west": {"uv": [1, 7, 2, 8], "rotation": 270, "texture": "#0"},
				"up": {"uv": [1, 7, 2, 8], "rotation": 270, "texture": "#0"},
				"down": {"uv": [1, 7, 2, 8], "rotation": 270, "texture": "#0"}
			}
		},
		{
			"from": [7.5001, 5.11, 14.45],
			"to": [8.4991, 5.46, 16],
			"rotation": {"angle": 0, "axis": "y", "origin": [8, 4.65, 16.45]},
			"faces": {
				"north": {"uv": [4, 4, 5, 5], "rotation": 270, "texture": "#0"},
				"east": {"uv": [4, 4, 5, 5], "rotation": 270, "texture": "#0"},
				"south": {"uv": [4, 4, 5, 5], "rotation": 270, "texture": "#0"},
				"west": {"uv": [4, 4, 5, 5], "rotation": 270, "texture": "#0"},
				"up": {"uv": [4, 4, 5, 5], "rotation": 270, "texture": "#0"},
				"down": {"uv": [4, 4, 5, 5], "rotation": 270, "texture": "#0"}
			}
		},
		{
			"from": [7.1751, 6.325, 5.7],
			"to": [8.8241, 6.525, 13.85],
			"rotation": {"angle": 0, "axis": "y", "origin": [8, 2.375, 10.1]},
			"faces": {
				"north": {"uv": [1, 4, 2, 5], "texture": "#0"},
				"east": {"uv": [1, 4, 2, 5], "texture": "#0"},
				"south": {"uv": [1, 4, 2, 5], "texture": "#0"},
				"west": {"uv": [1, 4, 2, 5], "texture": "#0"},
				"up": {"uv": [1, 4, 2, 5], "texture": "#0"},
				"down": {"uv": [1, 4, 2, 5], "texture": "#0"}
			}
		},
		{
			"from": [7.1501, 6.3, 9.9],
			"to": [8.8491, 6.6, 11.45],
			"rotation": {"angle": 0, "axis": "y", "origin": [8, 2.375, 10.1]},
			"faces": {
				"north": {"uv": [4, 7, 5, 8], "texture": "#0"},
				"east": {"uv": [4, 7, 5, 8], "texture": "#0"},
				"south": {"uv": [4, 7, 5, 8], "texture": "#0"},
				"west": {"uv": [4, 7, 5, 8], "texture": "#0"},
				"up": {"uv": [4, 7, 5, 8], "texture": "#0"},
				"down": {"uv": [4, 7, 5, 8], "texture": "#0"}
			}
		},
		{
			"from": [7.2251, 6.35, 11.175],
			"to": [9.2741, 6.575, 11.4],
			"rotation": {"angle": 0, "axis": "y", "origin": [8, 2.375, 10.1]},
			"faces": {
				"north": {"uv": [1, 1, 2, 2], "texture": "#0"},
				"east": {"uv": [1, 1, 2, 2], "texture": "#0"},
				"south": {"uv": [1, 1, 2, 2], "texture": "#0"},
				"west": {"uv": [1, 1, 2, 2], "texture": "#0"},
				"up": {"uv": [1, 1, 2, 2], "texture": "#0"},
				"down": {"uv": [1, 1, 2, 2], "texture": "#0"}
			}
		},
		{
			"from": [9.1251, 6.325, 11.15],
			"to": [9.3241, 6.6, 11.425],
			"rotation": {"angle": 0, "axis": "y", "origin": [8.05, 2.375, 10.1]},
			"faces": {
				"north": {"uv": [1, 7, 2, 8], "texture": "#0"},
				"east": {"uv": [1, 7, 2, 8], "texture": "#0"},
				"south": {"uv": [1, 7, 2, 8], "texture": "#0"},
				"west": {"uv": [1, 7, 2, 8], "texture": "#0"},
				"up": {"uv": [1, 7, 2, 8], "texture": "#0"},
				"down": {"uv": [1, 7, 2, 8], "texture": "#0"}
			}
		},
		{
			"from": [7.1751, 6.025, 5.85],
			"to": [8.8241, 6.225, 13.775],
			"rotation": {"angle": 0, "axis": "y", "origin": [8, 2.375, 10.1]},
			"faces": {
				"north": {"uv": [1, 4, 2, 5], "texture": "#0"},
				"east": {"uv": [1, 4, 2, 5], "texture": "#0"},
				"south": {"uv": [1, 4, 2, 5], "texture": "#0"},
				"west": {"uv": [1, 4, 2, 5], "texture": "#0"},
				"up": {"uv": [1, 4, 2, 5], "texture": "#0"},
				"down": {"uv": [1, 4, 2, 5], "texture": "#0"}
			}
		},
		{
			"from": [7.4001, 6.225, 1.6],
			"to": [8.6241, 6.575, 4.025],
			"rotation": {"angle": 0, "axis": "y", "origin": [8, 2.375, 9.975]},
			"faces": {
				"north": {"uv": [4, 1, 5, 2], "texture": "#0"},
				"east": {"uv": [4, 1, 5, 2], "texture": "#0"},
				"south": {"uv": [4, 1, 5, 2], "texture": "#0"},
				"west": {"uv": [4, 1, 5, 2], "texture": "#0"},
				"up": {"uv": [4, 1, 5, 2], "texture": "#0"},
				"down": {"uv": [4, 1, 5, 2], "texture": "#0"}
			}
		},
		{
			"from": [7.3501, 5.325, 1.625],
			"to": [8.6491, 6.075, 5.6],
			"rotation": {"angle": 0, "axis": "y", "origin": [8, 1.675, 11.45]},
			"faces": {
				"north": {"uv": [4, 1, 5, 2], "texture": "#0"},
				"east": {"uv": [4, 1, 5, 2], "texture": "#0"},
				"south": {"uv": [4, 1, 5, 2], "texture": "#0"},
				"west": {"uv": [4, 1, 5, 2], "texture": "#0"},
				"up": {"uv": [4, 1, 5, 2], "texture": "#0"},
				"down": {"uv": [4, 1, 5, 2], "texture": "#0"}
			}
		},
		{
			"from": [7.3251, 5.3, 5.55],
			"to": [8.6741, 6.1, 5.6],
			"rotation": {"angle": 0, "axis": "y", "origin": [8, 1.675, 11.45]},
			"faces": {
				"north": {"uv": [4, 7, 5, 8], "texture": "#0"},
				"east": {"uv": [4, 7, 5, 8], "texture": "#0"},
				"south": {"uv": [4, 7, 5, 8], "texture": "#0"},
				"west": {"uv": [4, 7, 5, 8], "texture": "#0"},
				"up": {"uv": [4, 7, 5, 8], "texture": "#0"},
				"down": {"uv": [4, 7, 5, 8], "texture": "#0"}
			}
		},
		{
			"from": [7.3501, 5.025, 1.525],
			"to": [8.6491, 6.6, 1.625],
			"rotation": {"angle": 0, "axis": "y", "origin": [8, 0.675, 11.2]},
			"faces": {
				"north": {"uv": [4, 7, 5, 8], "texture": "#0"},
				"east": {"uv": [4, 7, 5, 8], "texture": "#0"},
				"south": {"uv": [4, 7, 5, 8], "texture": "#0"},
				"west": {"uv": [4, 7, 5, 8], "texture": "#0"},
				"up": {"uv": [4, 7, 5, 8], "texture": "#0"},
				"down": {"uv": [4, 7, 5, 8], "texture": "#0"}
			}
		},
		{
			"from": [7.3501, 6.075, 3.55],
			"to": [8.6491, 6.15, 4.15],
			"rotation": {"angle": 0, "axis": "y", "origin": [8, 1.675, 11.45]},
			"faces": {
				"north": {"uv": [4, 1, 5, 2], "texture": "#0"},
				"east": {"uv": [4, 1, 5, 2], "texture": "#0"},
				"south": {"uv": [4, 1, 5, 2], "texture": "#0"},
				"west": {"uv": [4, 1, 5, 2], "texture": "#0"},
				"up": {"uv": [4, 1, 5, 2], "texture": "#0"},
				"down": {"uv": [4, 1, 5, 2], "texture": "#0"}
			}
		},
		{
			"from": [7.3501, 6.075, 1.625],
			"to": [8.6491, 6.15, 2.225],
			"rotation": {"angle": 0, "axis": "y", "origin": [8, 1.675, 11.2]},
			"faces": {
				"north": {"uv": [4, 1, 5, 2], "texture": "#0"},
				"east": {"uv": [4, 1, 5, 2], "texture": "#0"},
				"south": {"uv": [4, 1, 5, 2], "texture": "#0"},
				"west": {"uv": [4, 1, 5, 2], "texture": "#0"},
				"up": {"uv": [4, 1, 5, 2], "texture": "#0"},
				"down": {"uv": [4, 1, 5, 2], "texture": "#0"}
			}
		},
		{
			"from": [7.3501, 6.075, 2.575],
			"to": [8.6491, 6.15, 3.2],
			"rotation": {"angle": 0, "axis": "y", "origin": [8, 1.675, 11.45]},
			"faces": {
				"north": {"uv": [4, 1, 5, 2], "texture": "#0"},
				"east": {"uv": [4, 1, 5, 2], "texture": "#0"},
				"south": {"uv": [4, 1, 5, 2], "texture": "#0"},
				"west": {"uv": [4, 1, 5, 2], "texture": "#0"},
				"up": {"uv": [4, 1, 5, 2], "texture": "#0"},
				"down": {"uv": [4, 1, 5, 2], "texture": "#0"}
			}
		},
		{
			"from": [7.3751, 5.3, 2.75],
			"to": [8.6491, 6.575, 3.1],
			"rotation": {"angle": 0, "axis": "y", "origin": [8, 5.925, 2.95]},
			"faces": {
				"north": {"uv": [1, 7, 2, 8], "texture": "#0"},
				"east": {"uv": [1, 7, 2, 8], "texture": "#0"},
				"south": {"uv": [1, 7, 2, 8], "texture": "#0"},
				"west": {"uv": [1, 7, 2, 8], "texture": "#0"},
				"up": {"uv": [1, 7, 2, 8], "texture": "#0"},
				"down": {"uv": [1, 7, 2, 8], "texture": "#0"}
			}
		},
		{
			"from": [7.3751, 5.3, 1.85],
			"to": [8.6491, 6.575, 2.2],
			"rotation": {"angle": 0, "axis": "y", "origin": [8, 5.925, 2.95]},
			"faces": {
				"north": {"uv": [1, 7, 2, 8], "texture": "#0"},
				"east": {"uv": [1, 7, 2, 8], "texture": "#0"},
				"south": {"uv": [1, 7, 2, 8], "texture": "#0"},
				"west": {"uv": [1, 7, 2, 8], "texture": "#0"},
				"up": {"uv": [1, 7, 2, 8], "texture": "#0"},
				"down": {"uv": [1, 7, 2, 8], "texture": "#0"}
			}
		},
		{
			"from": [7.3251, 5.3, 2.75],
			"to": [8.6741, 6.175, 3.1],
			"rotation": {"angle": 0, "axis": "y", "origin": [8, 5.925, 2.95]},
			"faces": {
				"north": {"uv": [1, 7, 2, 8], "texture": "#0"},
				"east": {"uv": [1, 7, 2, 8], "texture": "#0"},
				"south": {"uv": [1, 7, 2, 8], "texture": "#0"},
				"west": {"uv": [1, 7, 2, 8], "texture": "#0"},
				"up": {"uv": [1, 7, 2, 8], "texture": "#0"},
				"down": {"uv": [1, 7, 2, 8], "texture": "#0"}
			}
		},
		{
			"from": [7.3251, 5.3, 1.85],
			"to": [8.6741, 6.175, 2.2],
			"rotation": {"angle": 0, "axis": "y", "origin": [8, 5.925, 2.95]},
			"faces": {
				"north": {"uv": [1, 7, 2, 8], "texture": "#0"},
				"east": {"uv": [1, 7, 2, 8], "texture": "#0"},
				"south": {"uv": [1, 7, 2, 8], "texture": "#0"},
				"west": {"uv": [1, 7, 2, 8], "texture": "#0"},
				"up": {"uv": [1, 7, 2, 8], "texture": "#0"},
				"down": {"uv": [1, 7, 2, 8], "texture": "#0"}
			}
		},
		{
			"from": [7.3251, 5.5, 2.425],
			"to": [8.6741, 5.85, 3.275],
			"rotation": {"angle": 22.5, "axis": "x", "origin": [8, 6.6, 2.65]},
			"faces": {
				"north": {"uv": [1, 7, 2, 8], "rotation": 180, "texture": "#0"},
				"east": {"uv": [1, 7, 2, 8], "rotation": 90, "texture": "#0"},
				"south": {"uv": [1, 7, 2, 8], "texture": "#0"},
				"west": {"uv": [1, 7, 2, 8], "rotation": 270, "texture": "#0"},
				"up": {"uv": [1, 7, 2, 8], "texture": "#0"},
				"down": {"uv": [1, 7, 2, 8], "rotation": 180, "texture": "#0"}
			}
		},
		{
			"from": [7.7501, 6.6, 1.85],
			"to": [8.2741, 6.96, 2.2],
			"rotation": {"angle": 0, "axis": "y", "origin": [8, 5.925, 2.05]},
			"faces": {
				"north": {"uv": [1, 7, 2, 8], "texture": "#0"},
				"east": {"uv": [1, 7, 2, 8], "texture": "#0"},
				"south": {"uv": [1, 7, 2, 8], "texture": "#0"},
				"west": {"uv": [1, 7, 2, 8], "texture": "#0"},
				"up": {"uv": [1, 7, 2, 8], "texture": "#0"},
				"down": {"uv": [1, 7, 2, 8], "texture": "#0"}
			}
		},
		{
			"from": [7.7501, 6.6, 2.75],
			"to": [8.2741, 6.96, 3.1],
			"rotation": {"angle": 0, "axis": "y", "origin": [8, 5.925, 2.95]},
			"faces": {
				"north": {"uv": [1, 7, 2, 8], "texture": "#0"},
				"east": {"uv": [1, 7, 2, 8], "texture": "#0"},
				"south": {"uv": [1, 7, 2, 8], "texture": "#0"},
				"west": {"uv": [1, 7, 2, 8], "texture": "#0"},
				"up": {"uv": [1, 7, 2, 8], "texture": "#0"},
				"down": {"uv": [1, 7, 2, 8], "texture": "#0"}
			}
		},
		{
			"from": [7.4501, 5.05, 1.85],
			"to": [8.5491, 5.325, 2.2],
			"rotation": {"angle": 0, "axis": "y", "origin": [8, 5.925, 2.05]},
			"faces": {
				"north": {"uv": [1, 7, 2, 8], "texture": "#0"},
				"east": {"uv": [1, 7, 2, 8], "texture": "#0"},
				"south": {"uv": [1, 7, 2, 8], "texture": "#0"},
				"west": {"uv": [1, 7, 2, 8], "texture": "#0"},
				"up": {"uv": [1, 7, 2, 8], "texture": "#0"},
				"down": {"uv": [1, 7, 2, 8], "texture": "#0"}
			}
		},
		{
			"from": [7.4501, 5.05, 2.75],
			"to": [8.5491, 5.325, 3.1],
			"rotation": {"angle": 0, "axis": "y", "origin": [8, 5.925, 2.95]},
			"faces": {
				"north": {"uv": [1, 7, 2, 8], "texture": "#0"},
				"east": {"uv": [1, 7, 2, 8], "texture": "#0"},
				"south": {"uv": [1, 7, 2, 8], "texture": "#0"},
				"west": {"uv": [1, 7, 2, 8], "texture": "#0"},
				"up": {"uv": [1, 7, 2, 8], "texture": "#0"},
				"down": {"uv": [1, 7, 2, 8], "texture": "#0"}
			}
		},
		{
			"from": [7.4501, 5.325, 1.85],
			"to": [8.5491, 5.6, 3.1],
			"rotation": {"angle": 0, "axis": "y", "origin": [8, 0.925, 11.45]},
			"faces": {
				"north": {"uv": [1, 7, 2, 8], "texture": "#0"},
				"east": {"uv": [1, 7, 2, 8], "texture": "#0"},
				"south": {"uv": [1, 7, 2, 8], "texture": "#0"},
				"west": {"uv": [1, 7, 2, 8], "texture": "#0"},
				"up": {"uv": [1, 7, 2, 8], "texture": "#0"},
				"down": {"uv": [1, 7, 2, 8], "texture": "#0"}
			}
		},
		{
			"from": [7.4751, 5.075, 1.575],
			"to": [8.5241, 5.325, 3.75],
			"rotation": {"angle": 0, "axis": "y", "origin": [8, 0.925, 11.45]},
			"faces": {
				"north": {"uv": [4, 4, 5, 5], "texture": "#0"},
				"east": {"uv": [4, 4, 5, 5], "texture": "#0"},
				"south": {"uv": [4, 4, 5, 5], "texture": "#0"},
				"west": {"uv": [4, 4, 5, 5], "texture": "#0"},
				"up": {"uv": [4, 4, 5, 5], "texture": "#0"},
				"down": {"uv": [4, 4, 5, 5], "texture": "#0"}
			}
		},
		{
			"from": [7.4751, 4.99, 1.9],
			"to": [8.5241, 5.24, 3.775],
			"rotation": {"angle": 22.5, "axis": "x", "origin": [8, 5.05, 3.725]},
			"faces": {
				"north": {"uv": [4, 4, 5, 5], "texture": "#0"},
				"east": {"uv": [4, 4, 5, 5], "texture": "#0"},
				"south": {"uv": [4, 4, 5, 5], "texture": "#0"},
				"west": {"uv": [4, 4, 5, 5], "texture": "#0"},
				"up": {"uv": [4, 4, 5, 5], "texture": "#0"},
				"down": {"uv": [4, 4, 5, 5], "texture": "#0"}
			}
		},
		{
			"from": [7.4751, 4.975, 3.75],
			"to": [8.5241, 5.325, 5.6],
			"rotation": {"angle": 0, "axis": "y", "origin": [8, 0.925, 12.75]},
			"faces": {
				"north": {"uv": [4, 4, 5, 5], "texture": "#0"},
				"east": {"uv": [4, 4, 5, 5], "texture": "#0"},
				"south": {"uv": [4, 4, 5, 5], "texture": "#0"},
				"west": {"uv": [4, 4, 5, 5], "texture": "#0"},
				"up": {"uv": [4, 4, 5, 5], "texture": "#0"},
				"down": {"uv": [4, 4, 5, 5], "texture": "#0"}
			}
		},
		{
			"from": [7.4501, 4.95, 5.55],
			"to": [8.5491, 5.325, 5.6],
			"rotation": {"angle": 0, "axis": "y", "origin": [8, 0.925, 12.75]},
			"faces": {
				"north": {"uv": [4, 7, 5, 8], "texture": "#0"},
				"east": {"uv": [4, 7, 5, 8], "texture": "#0"},
				"south": {"uv": [4, 7, 5, 8], "texture": "#0"},
				"west": {"uv": [4, 7, 5, 8], "texture": "#0"},
				"up": {"uv": [4, 7, 5, 8], "texture": "#0"},
				"down": {"uv": [4, 7, 5, 8], "texture": "#0"}
			}
		},
		{
			"from": [7.4751, 4.875, 12.65],
			"to": [8.5241, 6.675, 14.175],
			"rotation": {"angle": -45, "axis": "x", "origin": [8, 3.675, 13.225]},
			"faces": {
				"north": {"uv": [4, 1, 5, 2], "texture": "#0"},
				"east": {"uv": [4, 1, 5, 2], "texture": "#0"},
				"south": {"uv": [4, 1, 5, 2], "texture": "#0"},
				"west": {"uv": [4, 1, 5, 2], "texture": "#0"},
				"up": {"uv": [4, 1, 5, 2], "texture": "#0"},
				"down": {"uv": [4, 1, 5, 2], "texture": "#0"}
			}
		},
		{
			"from": [7.4751, 1.875, 12.625],
			"to": [8.5241, 5.375, 14.175],
			"rotation": {"angle": -22.5, "axis": "x", "origin": [8, 2.375, 13.225]},
			"faces": {
				"north": {"uv": [4, 1, 5, 2], "texture": "#0"},
				"east": {"uv": [4, 1, 5, 2], "texture": "#0"},
				"south": {"uv": [4, 1, 5, 2], "texture": "#0"},
				"west": {"uv": [4, 1, 5, 2], "texture": "#0"},
				"up": {"uv": [4, 1, 5, 2], "texture": "#0"},
				"down": {"uv": [4, 1, 5, 2], "texture": "#0"}
			}
		},
		{
			"from": [7.4501, 2.05, 12.725],
			"to": [8.5491, 4.425, 13.875],
			"rotation": {"angle": -22.5, "axis": "x", "origin": [8, 2.375, 13.225]},
			"faces": {
				"north": {"uv": [4, 4, 5, 5], "texture": "#0"},
				"east": {"uv": [4, 4, 5, 5], "texture": "#0"},
				"south": {"uv": [4, 4, 5, 5], "texture": "#0"},
				"west": {"uv": [4, 4, 5, 5], "texture": "#0"},
				"up": {"uv": [4, 4, 5, 5], "texture": "#0"},
				"down": {"uv": [4, 4, 5, 5], "texture": "#0"}
			}
		},
		{
			"from": [7.452, 4.525, 12.725],
			"to": [8.547, 4.975, 13.875],
			"rotation": {"angle": -22.5, "axis": "x", "origin": [8, 2.375, 13.225]},
			"faces": {
				"north": {"uv": [4, 4, 5, 5], "texture": "#0"},
				"east": {"uv": [4, 4, 5, 5], "texture": "#0"},
				"south": {"uv": [4, 4, 5, 5], "texture": "#0"},
				"west": {"uv": [4, 4, 5, 5], "texture": "#0"},
				"up": {"uv": [4, 4, 5, 5], "texture": "#0"},
				"down": {"uv": [4, 4, 5, 5], "texture": "#0"}
			}
		},
		{
			"from": [7.452, 4.6, 13.625],
			"to": [8.547, 5.225, 14.35],
			"rotation": {"angle": -45, "axis": "x", "origin": [8, 2.375, 13.225]},
			"faces": {
				"north": {"uv": [4, 4, 5, 5], "texture": "#0"},
				"east": {"uv": [4, 4, 5, 5], "texture": "#0"},
				"south": {"uv": [4, 4, 5, 5], "texture": "#0"},
				"west": {"uv": [4, 4, 5, 5], "texture": "#0"},
				"up": {"uv": [4, 4, 5, 5], "texture": "#0"},
				"down": {"uv": [4, 4, 5, 5], "texture": "#0"}
			}
		},
		{
			"from": [7.4751, 1.75, 12.35],
			"to": [8.5241, 1.9, 13.9],
			"rotation": {"angle": -22.5, "axis": "x", "origin": [8, 2.375, 13.225]},
			"faces": {
				"north": {"uv": [4, 1, 5, 2], "texture": "#0"},
				"east": {"uv": [4, 1, 5, 2], "texture": "#0"},
				"south": {"uv": [4, 1, 5, 2], "texture": "#0"},
				"west": {"uv": [4, 1, 5, 2], "texture": "#0"},
				"up": {"uv": [4, 1, 5, 2], "texture": "#0"},
				"down": {"uv": [4, 1, 5, 2], "texture": "#0"}
			}
		},
		{
			"from": [7.4751, 2.75, 13.9],
			"to": [8.5241, 3.05, 14.05],
			"rotation": {"angle": 45, "axis": "x", "origin": [8, 2.375, 13.225]},
			"faces": {
				"north": {"uv": [4, 1, 5, 2], "rotation": 180, "texture": "#0"},
				"east": {"uv": [4, 1, 5, 2], "rotation": 90, "texture": "#0"},
				"south": {"uv": [4, 1, 5, 2], "texture": "#0"},
				"west": {"uv": [4, 1, 5, 2], "rotation": 270, "texture": "#0"},
				"up": {"uv": [4, 1, 5, 2], "texture": "#0"},
				"down": {"uv": [4, 1, 5, 2], "rotation": 180, "texture": "#0"}
			}
		},
		{
			"from": [7.4751, 2.2, 12.55],
			"to": [8.5241, 2.475, 12.7],
			"rotation": {"angle": 45, "axis": "x", "origin": [8, 1.8, 11.875]},
			"faces": {
				"north": {"uv": [4, 1, 5, 2], "rotation": 180, "texture": "#0"},
				"east": {"uv": [4, 1, 5, 2], "rotation": 90, "texture": "#0"},
				"south": {"uv": [4, 1, 5, 2], "texture": "#0"},
				"west": {"uv": [4, 1, 5, 2], "rotation": 270, "texture": "#0"},
				"up": {"uv": [4, 1, 5, 2], "texture": "#0"},
				"down": {"uv": [4, 1, 5, 2], "rotation": 180, "texture": "#0"}
			}
		},
		{
			"from": [7.4501, 2, 13.925],
			"to": [8.5491, 4.35, 14.225],
			"rotation": {"angle": -22.5, "axis": "x", "origin": [8, 2.375, 13.225]},
			"faces": {
				"north": {"uv": [1, 4, 2, 5], "texture": "#0"},
				"east": {"uv": [1, 4, 2, 5], "texture": "#0"},
				"south": {"uv": [1, 4, 2, 5], "texture": "#0"},
				"west": {"uv": [1, 4, 2, 5], "texture": "#0"},
				"up": {"uv": [1, 4, 2, 5], "texture": "#0"},
				"down": {"uv": [1, 4, 2, 5], "texture": "#0"}
			}
		},
		{
			"from": [7.4251, 4.1, 14.1],
			"to": [8.5741, 4.225, 14.25],
			"rotation": {"angle": -22.5, "axis": "x", "origin": [8, 2.375, 13.225]},
			"faces": {
				"north": {"uv": [4, 7, 5, 8], "texture": "#0"},
				"east": {"uv": [4, 7, 5, 8], "texture": "#0"},
				"south": {"uv": [4, 7, 5, 8], "texture": "#0"},
				"west": {"uv": [4, 7, 5, 8], "texture": "#0"},
				"up": {"uv": [4, 7, 5, 8], "texture": "#0"},
				"down": {"uv": [4, 7, 5, 8], "texture": "#0"}
			}
		},
		{
			"from": [7.4251, 3.6, 14.1],
			"to": [8.5741, 3.725, 14.25],
			"rotation": {"angle": -22.5, "axis": "x", "origin": [8, 2.375, 13.225]},
			"faces": {
				"north": {"uv": [4, 7, 5, 8], "texture": "#0"},
				"east": {"uv": [4, 7, 5, 8], "texture": "#0"},
				"south": {"uv": [4, 7, 5, 8], "texture": "#0"},
				"west": {"uv": [4, 7, 5, 8], "texture": "#0"},
				"up": {"uv": [4, 7, 5, 8], "texture": "#0"},
				"down": {"uv": [4, 7, 5, 8], "texture": "#0"}
			}
		},
		{
			"from": [7.4251, 3.1, 14.1],
			"to": [8.5741, 3.225, 14.25],
			"rotation": {"angle": -22.5, "axis": "x", "origin": [8, 2.375, 13.225]},
			"faces": {
				"north": {"uv": [4, 7, 5, 8], "texture": "#0"},
				"east": {"uv": [4, 7, 5, 8], "texture": "#0"},
				"south": {"uv": [4, 7, 5, 8], "texture": "#0"},
				"west": {"uv": [4, 7, 5, 8], "texture": "#0"},
				"up": {"uv": [4, 7, 5, 8], "texture": "#0"},
				"down": {"uv": [4, 7, 5, 8], "texture": "#0"}
			}
		},
		{
			"from": [7.4251, 2.6, 14.1],
			"to": [8.5741, 2.725, 14.25],
			"rotation": {"angle": -22.5, "axis": "x", "origin": [8, 2.375, 13.225]},
			"faces": {
				"north": {"uv": [4, 7, 5, 8], "texture": "#0"},
				"east": {"uv": [4, 7, 5, 8], "texture": "#0"},
				"south": {"uv": [4, 7, 5, 8], "texture": "#0"},
				"west": {"uv": [4, 7, 5, 8], "texture": "#0"},
				"up": {"uv": [4, 7, 5, 8], "texture": "#0"},
				"down": {"uv": [4, 7, 5, 8], "texture": "#0"}
			}
		},
		{
			"from": [7.4251, 2.1, 14.1],
			"to": [8.5741, 2.225, 14.25],
			"rotation": {"angle": -22.5, "axis": "x", "origin": [8, 2.375, 13.225]},
			"faces": {
				"north": {"uv": [4, 7, 5, 8], "texture": "#0"},
				"east": {"uv": [4, 7, 5, 8], "texture": "#0"},
				"south": {"uv": [4, 7, 5, 8], "texture": "#0"},
				"west": {"uv": [4, 7, 5, 8], "texture": "#0"},
				"up": {"uv": [4, 7, 5, 8], "texture": "#0"},
				"down": {"uv": [4, 7, 5, 8], "texture": "#0"}
			}
		},
		{
			"from": [7.4501, 4.475, 13.125],
			"to": [8.5491, 4.65, 13.425],
			"rotation": {"angle": 0, "axis": "y", "origin": [8, 3.475, 12.425]},
			"faces": {
				"north": {"uv": [1, 4, 2, 5], "texture": "#0"},
				"east": {"uv": [1, 4, 2, 5], "texture": "#0"},
				"south": {"uv": [1, 4, 2, 5], "texture": "#0"},
				"west": {"uv": [1, 4, 2, 5], "texture": "#0"},
				"up": {"uv": [1, 4, 2, 5], "texture": "#0"},
				"down": {"uv": [1, 4, 2, 5], "texture": "#0"}
			}
		},
		{
			"from": [7.35, 0.75, 6.3],
			"to": [8.65, 1, 9.1],
			"rotation": {"angle": 22.5, "axis": "x", "origin": [8, 0, 8.05]},
			"faces": {
				"north": {"uv": [0, 0, 2.8, 0.25], "texture": "#0"},
				"east": {"uv": [0, 0, 2.8, 0.25], "texture": "#0"},
				"south": {"uv": [0, 0, 2.8, 0.25], "texture": "#0"},
				"west": {"uv": [1, 1, 2, 2], "texture": "#0"},
				"up": {"uv": [0, 0, 2.8, 0.25], "texture": "#0"},
				"down": {"uv": [0, 0, 2.8, 0.25], "texture": "#0"}
			}
		},
		{
			"from": [7.35, 0, 6.625],
			"to": [8.65, 0.25, 8.875],
			"rotation": {"angle": 22.5, "axis": "x", "origin": [8, 0, 8.05]},
			"faces": {
				"north": {"uv": [0, 0, 2.8, 0.25], "texture": "#0"},
				"east": {"uv": [0, 0, 2.8, 0.25], "texture": "#0"},
				"south": {"uv": [0, 0, 2.8, 0.25], "texture": "#0"},
				"west": {"uv": [1, 1, 2, 2], "texture": "#0"},
				"up": {"uv": [0, 0, 2.8, 0.25], "texture": "#0"},
				"down": {"uv": [0, 0, 2.8, 0.25], "texture": "#0"}
			}
		},
		{
			"from": [7.35, 0.75, 6.625],
			"to": [8.65, 1, 8.875],
			"rotation": {"angle": 22.5, "axis": "x", "origin": [8, 0, 8.05]},
			"faces": {
				"north": {"uv": [0, 0, 2.8, 0.25], "texture": "#0"},
				"east": {"uv": [0, 0, 2.8, 0.25], "texture": "#0"},
				"south": {"uv": [0, 0, 2.8, 0.25], "texture": "#0"},
				"west": {"uv": [1, 1, 2, 2], "texture": "#0"},
				"up": {"uv": [0, 0, 2.8, 0.25], "texture": "#0"},
				"down": {"uv": [0, 0, 2.8, 0.25], "texture": "#0"}
			}
		},
		{
			"from": [7.45, 0.25, 6.7],
			"to": [8.55, 0.85, 8.8],
			"rotation": {"angle": 22.5, "axis": "x", "origin": [8, 0, 8.05]},
			"faces": {
				"north": {"uv": [1, 4, 2, 5], "texture": "#0"},
				"east": {"uv": [1, 4, 2, 5], "texture": "#0"},
				"south": {"uv": [1, 4, 2, 5], "texture": "#0"},
				"west": {"uv": [1, 4, 2, 5], "texture": "#0"},
				"up": {"uv": [1, 4, 2, 5], "texture": "#0"},
				"down": {"uv": [1, 4, 2, 5], "texture": "#0"}
			}
		},
		{
			"from": [7.4501, 0.65, 6.55],
			"to": [8.5491, 2.65, 8.6],
			"rotation": {"angle": 22.5, "axis": "x", "origin": [8, -0.35, 7.3]},
			"faces": {
				"north": {"uv": [0, 0, 2.45, 2], "texture": "#0"},
				"east": {"uv": [0, 0, 2.45, 2], "texture": "#0"},
				"south": {"uv": [0, 0, 2.45, 2], "texture": "#0"},
				"west": {"uv": [1, 1, 2, 2], "texture": "#0"},
				"up": {"uv": [0, 0, 2.45, 2], "texture": "#0"},
				"down": {"uv": [0, 0, 2.45, 2], "texture": "#0"}
			}
		},
		{
			"from": [7.4, 1.25, 8],
			"to": [8.6, 2.65, 8.15],
			"rotation": {"angle": 22.5, "axis": "x", "origin": [8, -0.35, 7.3]},
			"faces": {
				"north": {"uv": [1, 4, 2, 5], "texture": "#0"},
				"east": {"uv": [1, 4, 2, 5], "texture": "#0"},
				"south": {"uv": [1, 4, 2, 5], "texture": "#0"},
				"west": {"uv": [1, 4, 2, 5], "texture": "#0"},
				"up": {"uv": [1, 4, 2, 5], "texture": "#0"},
				"down": {"uv": [1, 4, 2, 5], "texture": "#0"}
			}
		},
		{
			"from": [7.4, 1.35, 7.6],
			"to": [8.6, 2.65, 7.75],
			"rotation": {"angle": 22.5, "axis": "x", "origin": [8, -0.35, 6.9]},
			"faces": {
				"north": {"uv": [1, 4, 2, 5], "texture": "#0"},
				"east": {"uv": [1, 4, 2, 5], "texture": "#0"},
				"south": {"uv": [1, 4, 2, 5], "texture": "#0"},
				"west": {"uv": [1, 4, 2, 5], "texture": "#0"},
				"up": {"uv": [1, 4, 2, 5], "texture": "#0"},
				"down": {"uv": [1, 4, 2, 5], "texture": "#0"}
			}
		},
		{
			"from": [7.4, 2.1, 9.085],
			"to": [8.6, 3.65, 9.235],
			"rotation": {"angle": 0, "axis": "y", "origin": [8, -0.35, 7.3]},
			"faces": {
				"north": {"uv": [1, 4, 2, 5], "texture": "#0"},
				"east": {"uv": [1, 4, 2, 5], "texture": "#0"},
				"south": {"uv": [1, 4, 2, 5], "texture": "#0"},
				"west": {"uv": [1, 4, 2, 5], "texture": "#0"},
				"up": {"uv": [1, 4, 2, 5], "texture": "#0"},
				"down": {"uv": [1, 4, 2, 5], "texture": "#0"}
			}
		},
		{
			"from": [7.4, 2.1, 8.685],
			"to": [8.6, 3.65, 8.835],
			"rotation": {"angle": 0, "axis": "y", "origin": [8, -0.35, 6.9]},
			"faces": {
				"north": {"uv": [1, 4, 2, 5], "texture": "#0"},
				"east": {"uv": [1, 4, 2, 5], "texture": "#0"},
				"south": {"uv": [1, 4, 2, 5], "texture": "#0"},
				"west": {"uv": [1, 4, 2, 5], "texture": "#0"},
				"up": {"uv": [1, 4, 2, 5], "texture": "#0"},
				"down": {"uv": [1, 4, 2, 5], "texture": "#0"}
			}
		},
		{
			"from": [7.4, 2.6, 10.47],
			"to": [8.6, 3.9, 10.62],
			"rotation": {"angle": -22.5, "axis": "x", "origin": [8, -0.35, 7.3]},
			"faces": {
				"north": {"uv": [1, 4, 2, 5], "texture": "#0"},
				"east": {"uv": [1, 4, 2, 5], "texture": "#0"},
				"south": {"uv": [1, 4, 2, 5], "texture": "#0"},
				"west": {"uv": [1, 4, 2, 5], "texture": "#0"},
				"up": {"uv": [1, 4, 2, 5], "texture": "#0"},
				"down": {"uv": [1, 4, 2, 5], "texture": "#0"}
			}
		},
		{
			"from": [7.4, 2.6, 10.07],
			"to": [8.6, 3.775, 10.22],
			"rotation": {"angle": -22.5, "axis": "x", "origin": [8, -0.35, 6.9]},
			"faces": {
				"north": {"uv": [1, 4, 2, 5], "texture": "#0"},
				"east": {"uv": [1, 4, 2, 5], "texture": "#0"},
				"south": {"uv": [1, 4, 2, 5], "texture": "#0"},
				"west": {"uv": [1, 4, 2, 5], "texture": "#0"},
				"up": {"uv": [1, 4, 2, 5], "texture": "#0"},
				"down": {"uv": [1, 4, 2, 5], "texture": "#0"}
			}
		},
		{
			"from": [7.45, 1.85, 7.575],
			"to": [8.55, 3.85, 9.65],
			"rotation": {"angle": 0, "axis": "y", "origin": [8, 0.85, 8.325]},
			"faces": {
				"north": {"uv": [0, 0, 0, 2], "texture": "#0"},
				"east": {"uv": [0, 0, 0, 2], "texture": "#0"},
				"south": {"uv": [0, 0, 0, 2], "texture": "#0"},
				"west": {"uv": [1, 1, 2, 2], "texture": "#0"},
				"up": {"uv": [0, 0, 0, 2], "texture": "#0"},
				"down": {"uv": [0, 0, 0, 2], "texture": "#0"}
			}
		},
		{
			"from": [7.425, 1.95, 7.05],
			"to": [8.575, 2.55, 9.175],
			"rotation": {"angle": 22.5, "axis": "x", "origin": [8, 0.95, 7.625]},
			"faces": {
				"north": {"uv": [1, 7, 2, 8], "texture": "#0"},
				"east": {"uv": [1, 7, 2, 8], "texture": "#0"},
				"south": {"uv": [1, 7, 2, 8], "texture": "#0"},
				"west": {"uv": [1, 7, 2, 8], "texture": "#0"},
				"up": {"uv": [1, 7, 2, 8], "texture": "#0"},
				"down": {"uv": [1, 7, 2, 8], "texture": "#0"}
			}
		},
		{
			"from": [7.375, 1.95, 8.025],
			"to": [8.6, 2.55, 8.725],
			"rotation": {"angle": 22.5, "axis": "x", "origin": [8, 0.95, 7.625]},
			"faces": {
				"north": {"uv": [1, 7, 2, 8], "texture": "#0"},
				"east": {"uv": [1, 7, 2, 8], "texture": "#0"},
				"south": {"uv": [1, 7, 2, 8], "texture": "#0"},
				"west": {"uv": [1, 7, 2, 8], "texture": "#0"},
				"up": {"uv": [1, 7, 2, 8], "texture": "#0"},
				"down": {"uv": [1, 7, 2, 8], "texture": "#0"}
			}
		},
		{
			"from": [7.425, 2.25, 8.325],
			"to": [8.575, 2.85, 10.375],
			"rotation": {"angle": -22.5, "axis": "x", "origin": [8, 0.95, 7.625]},
			"faces": {
				"north": {"uv": [1, 7, 2, 8], "texture": "#0"},
				"east": {"uv": [1, 7, 2, 8], "texture": "#0"},
				"south": {"uv": [1, 7, 2, 8], "texture": "#0"},
				"west": {"uv": [1, 7, 2, 8], "texture": "#0"},
				"up": {"uv": [1, 7, 2, 8], "texture": "#0"},
				"down": {"uv": [1, 7, 2, 8], "texture": "#0"}
			}
		},
		{
			"from": [7.375, 2.25, 9.225],
			"to": [8.625, 2.85, 10.2],
			"rotation": {"angle": -22.5, "axis": "x", "origin": [8, 0.95, 7.625]},
			"faces": {
				"north": {"uv": [1, 7, 2, 8], "texture": "#0"},
				"east": {"uv": [1, 7, 2, 8], "texture": "#0"},
				"south": {"uv": [1, 7, 2, 8], "texture": "#0"},
				"west": {"uv": [1, 7, 2, 8], "texture": "#0"},
				"up": {"uv": [1, 7, 2, 8], "texture": "#0"},
				"down": {"uv": [1, 7, 2, 8], "texture": "#0"}
			}
		},
		{
			"from": [7.375, 3.15, 9.225],
			"to": [8.625, 3.75, 10.2],
			"rotation": {"angle": -22.5, "axis": "x", "origin": [8, 0.95, 7.625]},
			"faces": {
				"north": {"uv": [1, 7, 2, 8], "texture": "#0"},
				"east": {"uv": [1, 7, 2, 8], "texture": "#0"},
				"south": {"uv": [1, 7, 2, 8], "texture": "#0"},
				"west": {"uv": [1, 7, 2, 8], "texture": "#0"},
				"up": {"uv": [1, 7, 2, 8], "texture": "#0"},
				"down": {"uv": [1, 7, 2, 8], "texture": "#0"}
			}
		},
		{
			"from": [7.425, 3.15, 8.475],
			"to": [8.575, 3.75, 10.6],
			"rotation": {"angle": -22.5, "axis": "x", "origin": [8, 0.95, 7.625]},
			"faces": {
				"north": {"uv": [1, 7, 2, 8], "texture": "#0"},
				"east": {"uv": [1, 7, 2, 8], "texture": "#0"},
				"south": {"uv": [1, 7, 2, 8], "texture": "#0"},
				"west": {"uv": [1, 7, 2, 8], "texture": "#0"},
				"up": {"uv": [1, 7, 2, 8], "texture": "#0"},
				"down": {"uv": [1, 7, 2, 8], "texture": "#0"}
			}
		},
		{
			"from": [7.425, 3.65, 6.975],
			"to": [8.575, 4.25, 8.275],
			"rotation": {"angle": 22.5, "axis": "x", "origin": [8, 0.95, 7.625]},
			"faces": {
				"north": {"uv": [1, 7, 2, 8], "texture": "#0"},
				"east": {"uv": [1, 7, 2, 8], "texture": "#0"},
				"south": {"uv": [1, 7, 2, 8], "texture": "#0"},
				"west": {"uv": [1, 7, 2, 8], "texture": "#0"},
				"up": {"uv": [1, 7, 2, 8], "texture": "#0"},
				"down": {"uv": [1, 7, 2, 8], "texture": "#0"}
			}
		},
		{
			"from": [7.425, 2.3, 7.55],
			"to": [8.575, 2.975, 7.75],
			"rotation": {"angle": 0, "axis": "y", "origin": [8, 0.95, 7.875]},
			"faces": {
				"north": {"uv": [1, 7, 2, 8], "texture": "#0"},
				"east": {"uv": [1, 7, 2, 8], "texture": "#0"},
				"south": {"uv": [1, 7, 2, 8], "texture": "#0"},
				"west": {"uv": [1, 7, 2, 8], "texture": "#0"},
				"up": {"uv": [1, 7, 2, 8], "texture": "#0"},
				"down": {"uv": [1, 7, 2, 8], "texture": "#0"}
			}
		},
		{
			"from": [7.425, 3.175, 9.425],
			"to": [8.575, 3.775, 9.675],
			"rotation": {"angle": 0, "axis": "y", "origin": [8, 0.95, 7.625]},
			"faces": {
				"north": {"uv": [1, 7, 2, 8], "texture": "#0"},
				"east": {"uv": [1, 7, 2, 8], "texture": "#0"},
				"south": {"uv": [1, 7, 2, 8], "texture": "#0"},
				"west": {"uv": [1, 7, 2, 8], "texture": "#0"},
				"up": {"uv": [1, 7, 2, 8], "texture": "#0"},
				"down": {"uv": [1, 7, 2, 8], "texture": "#0"}
			}
		},
		{
			"from": [7.4501, 3.375, 8.05],
			"to": [8.5491, 5.375, 10.125],
			"rotation": {"angle": -22.5, "axis": "x", "origin": [8, 2.375, 8.8]},
			"faces": {
				"north": {"uv": [0, 0, 2.45, 2], "texture": "#0"},
				"east": {"uv": [0, 0, 2.45, 2], "texture": "#0"},
				"south": {"uv": [0, 0, 2.45, 2], "texture": "#0"},
				"west": {"uv": [1, 1, 2, 2], "texture": "#0"},
				"up": {"uv": [0, 0, 2.45, 2], "texture": "#0"},
				"down": {"uv": [0, 0, 2.45, 2], "texture": "#0"}
			}
		}
	],
	"display": {
		"thirdperson_righthand": {
			"translation": [0, 3, -2.25]
		},
		"thirdperson_lefthand": {
			"translation": [0, 3, -2.25]
		},
		"firstperson_righthand": {
			"rotation": [0, 3, 0],
			"translation": [-3, 6.75, -1],
			"scale": [1.2, 1.2, 1.2]
		},
		"firstperson_lefthand": {
			"translation": [-8.9, 8.7, 7.25],
			"scale": [1, 1, 0.54]
		},
		"ground": {
			"rotation": [0, 0, -90],
			"translation": [1.25, -3, 0]
		},
		"gui": {
			"rotation": [-55, 138, 80],
			"translation": [1.5, 1, 0]
		},
		"head": {
			"translation": [0, 6.25, 0]
		},
		"fixed": {
			"rotation": [0, -90, 0],
			"translation": [-0.5, 2.75, 0],
			"scale": [0.9, 0.9, 0.9]
		}
	},
	"groups": [
		{
			"name": "Main",
			"origin": [8, 2.375, 7.1],
			"children": [0, 1, 2, 3, 4, 5, 6, 7, 8, 9, 10, 11, 12, 13, 14, 15, 16, 17, 18, 19, 20, 21, 22, 23, 24, 25, 26, 27, 28, 29, 30, 31, 32, 33, 34, 35, 36, 37, 38, 39, 40, 41, 42, 43, 44, 45, 46, 47, 48, 49, 50, 51, 52, 53, 54, 55, 56, 57, 58, 59, 60, 61, 62, 63, 64, 65, 66, 67, 68, 69, 70, 71, 72, 73, 74, 75, 76, 77, 78, 79, 80, 81, 82, 83, 84, 85, 86, 87, 88, 89, 90, 91, 92, 93, 94, 95, 96, 97, 98, 99, 100, 101, 102, 103, 104, 105, 106, 107, 108, 109, 110, 111, 112, 113, 114, 115, 116, 117, 118, 119, 120, 121, 122, 123, 124, 125, 126, 127, 128, 129, 130, 131, 132, 133]
		},
		{
			"name": "HandHold",
			"origin": [8, 2.375, 13.225],
			"children": [134, 135, 136, 137, 138, 139, 140, 141, 142, 143, 144, 145, 146, 147, 148]
		},
		{
			"name": "Ammo",
			"origin": [8, 2.375, 13.1],
			"children": [149, 150, 151, 152, 153, 154, 155, 156, 157, 158, 159, 160, 161, 162, 163, 164, 165, 166, 167, 168, 169, 170]
		}
	]
}