{
	"credit": "Made with Blockbench",
	"textures": {
		"0": "./wrenchtexture",
		"particle": "./wrenchtexture"
	},
	"elements": [
		{
			"from": [7.5, 2, 7],
			"to": [8.5, 2.2, 9],
			"rotation": {"angle": 0, "axis": "y", "origin": [16, 8, 15]},
			"faces": {
				"north": {"uv": [1, 1, 2, 2], "texture": "#0"},
				"east": {"uv": [1, 1, 2, 2], "texture": "#0"},
				"south": {"uv": [1, 1, 2, 2], "texture": "#0"},
				"west": {"uv": [1, 1, 2, 2], "texture": "#0"},
				"up": {"uv": [1, 1, 2, 2], "texture": "#0"},
				"down": {"uv": [1, 1, 2, 2], "texture": "#0"}
			}
		},
		{
			"from": [7.5, 9.2, 7],
			"to": [8.5, 11.7, 9],
			"rotation": {"angle": 0, "axis": "y", "origin": [16, 15, 15]},
			"faces": {
				"north": {"uv": [1, 1, 2, 2], "texture": "#0"},
				"east": {"uv": [1, 1, 2, 2], "texture": "#0"},
				"south": {"uv": [1, 1, 2, 2], "texture": "#0"},
				"west": {"uv": [1, 1, 2, 2], "texture": "#0"},
				"up": {"uv": [1, 1, 2, 2], "texture": "#0"},
				"down": {"uv": [1, 1, 2, 2], "texture": "#0"}
			}
		},
		{
			"from": [7.9, 9.2, 9.4],
			"to": [8.1, 11.7, 9.9],
			"rotation": {"angle": 0, "axis": "y", "origin": [16, 15, 17]},
			"faces": {
				"north": {"uv": [4, 1, 5, 2], "texture": "#0"},
				"east": {"uv": [4, 1, 5, 2], "texture": "#0"},
				"south": {"uv": [4, 1, 5, 2], "texture": "#0"},
				"west": {"uv": [4, 1, 5, 2], "texture": "#0"},
				"up": {"uv": [4, 1, 5, 2], "texture": "#0"},
				"down": {"uv": [4, 1, 5, 2], "texture": "#0"}
			}
		},
		{
			"from": [7.89, 9.35, 9.575],
			"to": [8.11, 11.85, 9.725],
			"rotation": {"angle": 0, "axis": "y", "origin": [16, 15, 17]},
			"faces": {
				"north": {"uv": [4, 3, 5, 4], "texture": "#0"},
				"east": {"uv": [4, 3, 5, 4], "texture": "#0"},
				"south": {"uv": [4, 3, 5, 4], "texture": "#0"},
				"west": {"uv": [4, 4, 5, 5], "texture": "#0"},
				"up": {"uv": [4, 3, 5, 4], "texture": "#0"},
				"down": {"uv": [4, 3, 5, 4], "texture": "#0"}
			}
		},
		{
			"from": [7.9, 9.7, 9.9],
			"to": [8.1, 10.2, 10.4],
			"rotation": {"angle": -45, "axis": "x", "origin": [8, 9.45, 9.65]},
			"faces": {
				"north": {"uv": [4, 1, 5, 2], "texture": "#0"},
				"east": {"uv": [4, 1, 5, 2], "texture": "#0"},
				"south": {"uv": [4, 1, 5, 2], "texture": "#0"},
				"west": {"uv": [4, 1, 5, 2], "texture": "#0"},
				"up": {"uv": [4, 1, 5, 2], "texture": "#0"},
				"down": {"uv": [4, 1, 5, 2], "texture": "#0"}
			}
		},
		{
			"from": [7.9, 9.45, 9.65],
			"to": [8.1, 9.95, 10.15],
			"rotation": {"angle": -45, "axis": "x", "origin": [8, 9.45, 9.65]},
			"faces": {
				"north": {"uv": [4, 1, 5, 2], "texture": "#0"},
				"east": {"uv": [4, 1, 5, 2], "texture": "#0"},
				"south": {"uv": [4, 1, 5, 2], "texture": "#0"},
				"west": {"uv": [4, 1, 5, 2], "texture": "#0"},
				"up": {"uv": [4, 1, 5, 2], "texture": "#0"},
				"down": {"uv": [4, 1, 5, 2], "texture": "#0"}
			}
		},
		{
			"from": [7.9, 9.2, 9.4],
			"to": [8.1, 9.7, 9.9],
			"rotation": {"angle": -45, "axis": "x", "origin": [8, 9.45, 9.65]},
			"faces": {
				"north": {"uv": [4, 1, 5, 2], "texture": "#0"},
				"east": {"uv": [4, 1, 5, 2], "texture": "#0"},
				"south": {"uv": [4, 1, 5, 2], "texture": "#0"},
				"west": {"uv": [4, 1, 5, 2], "texture": "#0"},
				"up": {"uv": [4, 1, 5, 2], "texture": "#0"},
				"down": {"uv": [4, 1, 5, 2], "texture": "#0"}
			}
		},
		{
			"from": [7.9, 10.25, 9.45],
			"to": [8.1, 10.75, 9.95],
			"rotation": {"angle": -45, "axis": "x", "origin": [8, 10.45, 9.65]},
			"faces": {
				"north": {"uv": [4, 1, 5, 2], "texture": "#0"},
				"east": {"uv": [4, 1, 5, 2], "texture": "#0"},
				"south": {"uv": [4, 1, 5, 2], "texture": "#0"},
				"west": {"uv": [4, 1, 5, 2], "texture": "#0"},
				"up": {"uv": [4, 1, 5, 2], "texture": "#0"},
				"down": {"uv": [4, 1, 5, 2], "texture": "#0"}
			}
		},
		{
			"from": [7.9, 10.5, 9.7],
			"to": [8.1, 11, 10.2],
			"rotation": {"angle": -45, "axis": "x", "origin": [8, 10.45, 9.65]},
			"faces": {
				"north": {"uv": [4, 1, 5, 2], "texture": "#0"},
				"east": {"uv": [4, 1, 5, 2], "texture": "#0"},
				"south": {"uv": [4, 1, 5, 2], "texture": "#0"},
				"west": {"uv": [4, 1, 5, 2], "texture": "#0"},
				"up": {"uv": [4, 1, 5, 2], "texture": "#0"},
				"down": {"uv": [4, 1, 5, 2], "texture": "#0"}
			}
		},
		{
			"from": [7.9, 11.2, 9.4],
			"to": [8.1, 11.7, 9.9],
			"rotation": {"angle": -45, "axis": "x", "origin": [8, 11.45, 9.65]},
			"faces": {
				"north": {"uv": [4, 1, 5, 2], "texture": "#0"},
				"east": {"uv": [4, 1, 5, 2], "texture": "#0"},
				"south": {"uv": [4, 1, 5, 2], "texture": "#0"},
				"west": {"uv": [4, 1, 5, 2], "texture": "#0"},
				"up": {"uv": [4, 1, 5, 2], "texture": "#0"},
				"down": {"uv": [4, 1, 5, 2], "texture": "#0"}
			}
		},
		{
			"from": [7.5, 14, 8.45],
			"to": [7.6, 14.4, 8.85],
			"rotation": {"angle": 22.5, "axis": "x", "origin": [8, 14, 9]},
			"faces": {
				"north": {"uv": [1, 1, 2, 2], "texture": "#0"},
				"east": {"uv": [1, 1, 2, 2], "texture": "#0"},
				"south": {"uv": [1, 1, 2, 2], "texture": "#0"},
				"west": {"uv": [1, 1, 2, 2], "texture": "#0"},
				"up": {"uv": [1, 1, 2, 2], "texture": "#0"},
				"down": {"uv": [1, 1, 2, 2], "texture": "#0"}
			}
		},
		{
			"from": [7.48, 14.1, 8.55],
			"to": [7.58, 14.3, 8.75],
			"rotation": {"angle": 22.5, "axis": "x", "origin": [8, 14, 9]},
			"faces": {
				"north": {"uv": [4, 4, 5, 5], "texture": "#0"},
				"east": {"uv": [4, 4, 5, 5], "texture": "#0"},
				"south": {"uv": [4, 4, 5, 5], "texture": "#0"},
				"west": {"uv": [4, 4, 5, 5], "texture": "#0"},
				"up": {"uv": [4, 4, 5, 5], "texture": "#0"},
				"down": {"uv": [4, 4, 5, 5], "texture": "#0"}
			}
		},
		{
			"from": [7.55, 10.85, 9.55],
			"to": [7.65, 11.05, 9.75],
			"rotation": {"angle": 22.5, "axis": "x", "origin": [8, 11, 10]},
			"faces": {
				"north": {"uv": [4, 4, 5, 5], "texture": "#0"},
				"east": {"uv": [4, 4, 5, 5], "texture": "#0"},
				"south": {"uv": [4, 4, 5, 5], "texture": "#0"},
				"west": {"uv": [4, 4, 5, 5], "texture": "#0"},
				"up": {"uv": [4, 4, 5, 5], "texture": "#0"},
				"down": {"uv": [4, 4, 5, 5], "texture": "#0"}
			}
		},
		{
			"from": [8.35, 10.85, 9.55],
			"to": [8.45, 11.05, 9.75],
			"rotation": {"angle": 22.5, "axis": "x", "origin": [9, 11, 10]},
			"faces": {
				"north": {"uv": [4, 4, 5, 5], "texture": "#0"},
				"east": {"uv": [4, 4, 5, 5], "texture": "#0"},
				"south": {"uv": [4, 4, 5, 5], "texture": "#0"},
				"west": {"uv": [4, 4, 5, 5], "texture": "#0"},
				"up": {"uv": [4, 4, 5, 5], "texture": "#0"},
				"down": {"uv": [4, 4, 5, 5], "texture": "#0"}
			}
		},
		{
			"from": [7.5, 14.2, 8.7],
			"to": [7.6, 14.6, 9.1],
			"rotation": {"angle": -22.5, "axis": "x", "origin": [8, 14, 9]},
			"faces": {
				"north": {"uv": [1, 1, 2, 2], "rotation": 90, "texture": "#0"},
				"east": {"uv": [1, 1, 2, 2], "rotation": 90, "texture": "#0"},
				"south": {"uv": [1, 1, 2, 2], "rotation": 90, "texture": "#0"},
				"west": {"uv": [1, 1, 2, 2], "rotation": 90, "texture": "#0"},
				"up": {"uv": [1, 1, 2, 2], "rotation": 90, "texture": "#0"},
				"down": {"uv": [1, 1, 2, 2], "rotation": 90, "texture": "#0"}
			}
		},
		{
			"from": [7.55, 11.1, 9.61],
			"to": [7.65, 11.3, 9.81],
			"rotation": {"angle": -22.5, "axis": "x", "origin": [8, 11, 10]},
			"faces": {
				"north": {"uv": [4, 4, 5, 5], "rotation": 90, "texture": "#0"},
				"east": {"uv": [4, 4, 5, 5], "rotation": 90, "texture": "#0"},
				"south": {"uv": [4, 4, 5, 5], "rotation": 90, "texture": "#0"},
				"west": {"uv": [4, 4, 5, 5], "rotation": 90, "texture": "#0"},
				"up": {"uv": [4, 4, 5, 5], "rotation": 90, "texture": "#0"},
				"down": {"uv": [4, 4, 5, 5], "rotation": 90, "texture": "#0"}
			}
		},
		{
			"from": [8.35, 11.1, 9.61],
			"to": [8.45, 11.3, 9.81],
			"rotation": {"angle": -22.5, "axis": "x", "origin": [9, 11, 10]},
			"faces": {
				"north": {"uv": [4, 4, 5, 5], "rotation": 90, "texture": "#0"},
				"east": {"uv": [4, 4, 5, 5], "rotation": 90, "texture": "#0"},
				"south": {"uv": [4, 4, 5, 5], "rotation": 90, "texture": "#0"},
				"west": {"uv": [4, 4, 5, 5], "rotation": 90, "texture": "#0"},
				"up": {"uv": [4, 4, 5, 5], "rotation": 90, "texture": "#0"},
				"down": {"uv": [4, 4, 5, 5], "rotation": 90, "texture": "#0"}
			}
		},
		{
			"from": [7.53, 11.15, 9.66],
			"to": [8.47, 11.25, 9.76],
			"rotation": {"angle": -22.5, "axis": "x", "origin": [8, 11, 10]},
			"faces": {
				"north": {"uv": [1, 1, 2, 2], "rotation": 90, "texture": "#0"},
				"east": {"uv": [1, 1, 2, 2], "rotation": 90, "texture": "#0"},
				"south": {"uv": [1, 1, 2, 2], "rotation": 90, "texture": "#0"},
				"west": {"uv": [1, 1, 2, 2], "rotation": 90, "texture": "#0"},
				"up": {"uv": [1, 1, 2, 2], "rotation": 90, "texture": "#0"},
				"down": {"uv": [1, 1, 2, 2], "rotation": 90, "texture": "#0"}
			}
		},
		{
			"from": [7.5, 11.7, 7.5],
			"to": [8.5, 12.76, 10],
			"rotation": {"angle": 0, "axis": "y", "origin": [16, 16, 15]},
			"faces": {
				"north": {"uv": [1, 1, 2, 2], "texture": "#0"},
				"east": {"uv": [1, 1, 2, 2], "texture": "#0"},
				"south": {"uv": [1, 1, 2, 2], "texture": "#0"},
				"west": {"uv": [1, 1, 2, 2], "texture": "#0"},
				"up": {"uv": [1, 1, 2, 2], "texture": "#0"},
				"down": {"uv": [1, 1, 2, 2], "texture": "#0"}
			}
		},
		{
			"from": [7.45, 12.25, 7.5],
			"to": [8.55, 12.55, 9.9],
			"rotation": {"angle": 0, "axis": "y", "origin": [16, 16, 15]},
			"faces": {
				"north": {"uv": [1, 7, 2, 8], "texture": "#0"},
				"east": {"uv": [1, 7, 2, 8], "texture": "#0"},
				"south": {"uv": [1, 7, 2, 8], "texture": "#0"},
				"west": {"uv": [1, 7, 2, 8], "texture": "#0"},
				"up": {"uv": [1, 7, 2, 8], "texture": "#0"},
				"down": {"uv": [1, 7, 2, 8], "texture": "#0"}
			}
		},
		{
			"from": [7.45, 10.25, 6.93],
			"to": [8.55, 10.55, 8.23],
			"rotation": {"angle": 0, "axis": "y", "origin": [16, 14, 14]},
			"faces": {
				"north": {"uv": [4, 4, 5, 5], "texture": "#0"},
				"east": {"uv": [4, 4, 5, 5], "texture": "#0"},
				"south": {"uv": [4, 4, 5, 5], "texture": "#0"},
				"west": {"uv": [4, 4, 5, 5], "texture": "#0"},
				"up": {"uv": [4, 4, 5, 5], "texture": "#0"},
				"down": {"uv": [4, 4, 5, 5], "texture": "#0"}
			}
		},
		{
			"from": [7.45, 9.7, 6.93],
			"to": [8.55, 10, 8.23],
			"rotation": {"angle": 0, "axis": "y", "origin": [16, 13, 14]},
			"faces": {
				"north": {"uv": [4, 4, 5, 5], "texture": "#0"},
				"east": {"uv": [4, 4, 5, 5], "texture": "#0"},
				"south": {"uv": [4, 4, 5, 5], "texture": "#0"},
				"west": {"uv": [4, 4, 5, 5], "texture": "#0"},
				"up": {"uv": [4, 4, 5, 5], "texture": "#0"},
				"down": {"uv": [4, 4, 5, 5], "texture": "#0"}
			}
		},
		{
			"from": [7.525, 12.9, 8.95],
			"to": [8.475, 13.7, 9.95],
			"rotation": {"angle": 0, "axis": "y", "origin": [15, 17, 15]},
			"faces": {
				"north": {"uv": [4, 4, 5, 5], "texture": "#0"},
				"east": {"uv": [4, 4, 5, 5], "texture": "#0"},
				"south": {"uv": [4, 4, 5, 5], "texture": "#0"},
				"west": {"uv": [4, 4, 5, 5], "texture": "#0"},
				"up": {"uv": [4, 4, 5, 5], "texture": "#0"},
				"down": {"uv": [4, 4, 5, 5], "texture": "#0"}
			}
		},
		{
			"from": [7.55, 12.7, 8.5],
			"to": [8.45, 13.84, 9.9],
			"rotation": {"angle": 0, "axis": "y", "origin": [16, 17, 15]},
			"faces": {
				"north": {"uv": [4, 1, 5, 2], "texture": "#0"},
				"east": {"uv": [4, 1, 5, 2], "texture": "#0"},
				"south": {"uv": [4, 1, 5, 2], "texture": "#0"},
				"west": {"uv": [4, 1, 5, 2], "texture": "#0"},
				"up": {"uv": [4, 1, 5, 2], "texture": "#0"},
				"down": {"uv": [4, 1, 5, 2], "texture": "#0"}
			}
		},
		{
			"from": [7.55, 14.094, 6],
			"to": [8.45, 15.094, 9.46],
			"rotation": {"angle": 0, "axis": "y", "origin": [16, 18, 14]},
			"faces": {
				"north": {"uv": [4, 1, 5, 2], "texture": "#0"},
				"east": {"uv": [4, 1, 5, 2], "texture": "#0"},
				"south": {"uv": [4, 1, 5, 2], "texture": "#0"},
				"west": {"uv": [4, 1, 5, 2], "texture": "#0"},
				"up": {"uv": [4, 1, 5, 2], "texture": "#0"},
				"down": {"uv": [4, 1, 5, 2], "texture": "#0"}
			}
		},
		{
			"from": [7.55, 13.509, 8.384],
			"to": [8.45, 14.649, 9.769],
			"rotation": {"angle": -22.5, "axis": "x", "origin": [8, 14, 9]},
			"faces": {
				"north": {"uv": [4, 1, 5, 2], "texture": "#0"},
				"east": {"uv": [4, 1, 5, 2], "texture": "#0"},
				"south": {"uv": [4, 1, 5, 2], "texture": "#0"},
				"west": {"uv": [4, 1, 5, 2], "texture": "#0"},
				"up": {"uv": [4, 1, 5, 2], "texture": "#0"},
				"down": {"uv": [4, 1, 5, 2], "texture": "#0"}
			}
		},
		{
			"from": [7.6, 10.8, 9],
			"to": [7.8, 11.4, 10],
			"rotation": {"angle": 0, "axis": "y", "origin": [16, 16, 15]},
			"faces": {
				"north": {"uv": [1, 4, 2, 5], "texture": "#0"},
				"east": {"uv": [1, 4, 2, 5], "texture": "#0"},
				"south": {"uv": [1, 4, 2, 5], "texture": "#0"},
				"west": {"uv": [1, 4, 2, 5], "texture": "#0"},
				"up": {"uv": [1, 4, 2, 5], "texture": "#0"},
				"down": {"uv": [1, 4, 2, 5], "texture": "#0"}
			}
		},
		{
			"from": [8.2, 10.8, 9],
			"to": [8.4, 11.4, 10],
			"rotation": {"angle": 0, "axis": "y", "origin": [17, 16, 15]},
			"faces": {
				"north": {"uv": [1, 4, 2, 5], "texture": "#0"},
				"east": {"uv": [1, 4, 2, 5], "texture": "#0"},
				"south": {"uv": [1, 4, 2, 5], "texture": "#0"},
				"west": {"uv": [1, 4, 2, 5], "texture": "#0"},
				"up": {"uv": [1, 4, 2, 5], "texture": "#0"},
				"down": {"uv": [1, 4, 2, 5], "texture": "#0"}
			}
		},
		{
			"from": [7.6, 2.2, 7.7],
			"to": [8.4, 9.2, 8.3],
			"rotation": {"angle": 0, "axis": "y", "origin": [16, 8, 15]},
			"faces": {
				"north": {"uv": [1, 7, 2, 8], "texture": "#0"},
				"east": {"uv": [1, 7, 2, 8], "texture": "#0"},
				"south": {"uv": [1, 7, 2, 8], "texture": "#0"},
				"west": {"uv": [1, 4, 2, 5], "texture": "#0"},
				"up": {"uv": [1, 7, 2, 8], "texture": "#0"},
				"down": {"uv": [1, 7, 2, 8], "texture": "#0"}
			}
		},
		{
			"from": [7.5, 2.2, 8.3],
			"to": [8.5, 9.2, 8.9],
			"rotation": {"angle": 0, "axis": "y", "origin": [16, 8, 16]},
			"faces": {
				"north": {"uv": [1, 1, 2, 2], "texture": "#0"},
				"east": {"uv": [1, 1, 2, 2], "texture": "#0"},
				"south": {"uv": [1, 1, 2, 2], "texture": "#0"},
				"west": {"uv": [1, 1, 2, 2], "texture": "#0"},
				"up": {"uv": [1, 1, 2, 2], "texture": "#0"},
				"down": {"uv": [1, 1, 2, 2], "texture": "#0"}
			}
		},
		{
			"from": [7.5, 2.2, 7.1],
			"to": [8.5, 9.2, 7.7],
			"rotation": {"angle": 0, "axis": "y", "origin": [16, 8, 14]},
			"faces": {
				"north": {"uv": [1, 1, 2, 2], "texture": "#0"},
				"east": {"uv": [1, 1, 2, 2], "texture": "#0"},
				"south": {"uv": [1, 1, 2, 2], "texture": "#0"},
				"west": {"uv": [1, 1, 2, 2], "texture": "#0"},
				"up": {"uv": [1, 1, 2, 2], "texture": "#0"},
				"down": {"uv": [1, 1, 2, 2], "texture": "#0"}
			}
		},
		{
			"from": [7.5, 0.8, 7],
			"to": [8.5, 1.2, 9],
			"rotation": {"angle": 0, "axis": "y", "origin": [16, 6, 15]},
			"faces": {
				"north": {"uv": [1, 1, 2, 2], "texture": "#0"},
				"east": {"uv": [1, 1, 2, 2], "texture": "#0"},
				"south": {"uv": [1, 1, 2, 2], "texture": "#0"},
				"west": {"uv": [1, 1, 2, 2], "texture": "#0"},
				"up": {"uv": [1, 1, 2, 2], "texture": "#0"},
				"down": {"uv": [1, 1, 2, 2], "texture": "#0"}
			}
		},
		{
			"from": [7.5, 1, 8.4],
			"to": [8.5, 2, 9],
			"rotation": {"angle": 0, "axis": "y", "origin": [16, 7, 15]},
			"faces": {
				"north": {"uv": [1, 1, 2, 2], "texture": "#0"},
				"east": {"uv": [1, 1, 2, 2], "texture": "#0"},
				"south": {"uv": [1, 1, 2, 2], "texture": "#0"},
				"west": {"uv": [1, 1, 2, 2], "texture": "#0"},
				"up": {"uv": [1, 1, 2, 2], "texture": "#0"},
				"down": {"uv": [1, 1, 2, 2], "texture": "#0"}
			}
		},
		{
			"from": [7.5, 1, 7],
			"to": [8.5, 2, 7.6],
			"rotation": {"angle": 0, "axis": "y", "origin": [16, 7, 13]},
			"faces": {
				"north": {"uv": [1, 1, 2, 2], "texture": "#0"},
				"east": {"uv": [1, 1, 2, 2], "texture": "#0"},
				"south": {"uv": [1, 1, 2, 2], "texture": "#0"},
				"west": {"uv": [1, 1, 2, 2], "texture": "#0"},
				"up": {"uv": [1, 1, 2, 2], "texture": "#0"},
				"down": {"uv": [1, 1, 2, 2], "texture": "#0"}
			}
		},
		{
			"from": [7.5, 0.6, 7.5],
			"to": [8.5, 1, 8.5],
			"rotation": {"angle": 0, "axis": "y", "origin": [16, 8, 16]},
			"faces": {
				"north": {"uv": [1, 1, 2, 2], "texture": "#0"},
				"east": {"uv": [1, 1, 2, 2], "texture": "#0"},
				"south": {"uv": [1, 1, 2, 2], "texture": "#0"},
				"west": {"uv": [1, 1, 2, 2], "texture": "#0"},
				"up": {"uv": [1, 1, 2, 2], "texture": "#0"},
				"down": {"uv": [1, 1, 2, 2], "texture": "#0"}
			}
		},
		{
			"from": [7.5, 0.82, 8.39],
			"to": [8.5, 1.22, 8.91],
			"rotation": {"angle": -22.5, "axis": "x", "origin": [8, 1, 9]},
			"faces": {
				"north": {"uv": [1, 1, 2, 2], "texture": "#0"},
				"east": {"uv": [1, 1, 2, 2], "texture": "#0"},
				"south": {"uv": [1, 1, 2, 2], "texture": "#0"},
				"west": {"uv": [1, 1, 2, 2], "texture": "#0"},
				"up": {"uv": [1, 1, 2, 2], "texture": "#0"},
				"down": {"uv": [1, 1, 2, 2], "texture": "#0"}
			}
		},
		{
			"from": [7.5, 0.439, 7.17],
			"to": [8.5, 0.839, 7.69],
			"rotation": {"angle": 22.5, "axis": "x", "origin": [8, 1, 8]},
			"faces": {
				"north": {"uv": [1, 1, 2, 2], "texture": "#0"},
				"east": {"uv": [1, 1, 2, 2], "texture": "#0"},
				"south": {"uv": [1, 1, 2, 2], "texture": "#0"},
				"west": {"uv": [1, 1, 2, 2], "texture": "#0"},
				"up": {"uv": [1, 1, 2, 2], "texture": "#0"},
				"down": {"uv": [1, 1, 2, 2], "texture": "#0"}
			}
		},
		{
			"from": [7.5, 2.649, 7.435],
			"to": [8.5, 2.849, 7.685],
			"rotation": {"angle": -45, "axis": "x", "origin": [8, 2, 8]},
			"faces": {
				"north": {"uv": [1, 1, 2, 2], "texture": "#0"},
				"east": {"uv": [1, 1, 2, 2], "texture": "#0"},
				"south": {"uv": [1, 1, 2, 2], "texture": "#0"},
				"west": {"uv": [1, 1, 2, 2], "texture": "#0"},
				"up": {"uv": [1, 1, 2, 2], "texture": "#0"},
				"down": {"uv": [1, 1, 2, 2], "texture": "#0"}
			}
		},
		{
			"from": [7.5, 2.16, 7.59],
			"to": [8.5, 2.36, 7.84],
			"rotation": {"angle": -45, "axis": "x", "origin": [8, 2, 8]},
			"faces": {
				"north": {"uv": [1, 1, 2, 2], "texture": "#0"},
				"east": {"uv": [1, 1, 2, 2], "texture": "#0"},
				"south": {"uv": [1, 1, 2, 2], "texture": "#0"},
				"west": {"uv": [1, 1, 2, 2], "texture": "#0"},
				"up": {"uv": [1, 1, 2, 2], "texture": "#0"},
				"down": {"uv": [1, 4, 2, 5], "texture": "#0"}
			}
		},
		{
			"from": [7.5, 9.14, 9],
			"to": [8.5, 10.64, 9.8],
			"rotation": {"angle": -45, "axis": "x", "origin": [8, 9, 9]},
			"faces": {
				"north": {"uv": [1, 1, 2, 2], "texture": "#0"},
				"east": {"uv": [1, 1, 2, 2], "texture": "#0"},
				"south": {"uv": [1, 1, 2, 2], "texture": "#0"},
				"west": {"uv": [1, 1, 2, 2], "texture": "#0"},
				"up": {"uv": [1, 1, 2, 2], "texture": "#0"},
				"down": {"uv": [1, 1, 2, 2], "texture": "#0"}
			}
		},
		{
			"from": [7.5, 11.01, 6.56],
			"to": [8.5, 12.51, 7.76],
			"rotation": {"angle": -22.5, "axis": "x", "origin": [8, 12, 7]},
			"faces": {
				"north": {"uv": [1, 1, 2, 2], "rotation": 180, "texture": "#0"},
				"east": {"uv": [1, 1, 2, 2], "rotation": 180, "texture": "#0"},
				"south": {"uv": [1, 1, 2, 2], "rotation": 180, "texture": "#0"},
				"west": {"uv": [1, 1, 2, 2], "rotation": 180, "texture": "#0"},
				"up": {"uv": [1, 1, 2, 2], "rotation": 180, "texture": "#0"},
				"down": {"uv": [1, 1, 2, 2], "rotation": 180, "texture": "#0"}
			}
		},
		{
			"from": [7.5, 13.7, 6],
			"to": [8.5, 14.7, 7.2],
			"rotation": {"angle": -22.5, "axis": "x", "origin": [8, 14, 7]},
			"faces": {
				"north": {"uv": [1, 7, 2, 8], "rotation": 180, "texture": "#0"},
				"east": {"uv": [1, 7, 2, 8], "rotation": 180, "texture": "#0"},
				"south": {"uv": [1, 7, 2, 8], "rotation": 180, "texture": "#0"},
				"west": {"uv": [1, 7, 2, 8], "rotation": 180, "texture": "#0"},
				"up": {"uv": [1, 7, 2, 8], "rotation": 180, "texture": "#0"},
				"down": {"uv": [1, 7, 2, 8], "rotation": 180, "texture": "#0"}
			}
		},
		{
			"from": [7.502, 13.15, 6.5],
			"to": [8.492, 13.35, 6.7],
			"rotation": {"angle": 22.5, "axis": "x", "origin": [8, 14, 7]},
			"faces": {
				"north": {"uv": [4, 4, 5, 5], "rotation": 90, "texture": "#0"},
				"east": {"uv": [4, 4, 5, 5], "rotation": 90, "texture": "#0"},
				"south": {"uv": [4, 4, 5, 5], "rotation": 90, "texture": "#0"},
				"west": {"uv": [4, 4, 5, 5], "rotation": 90, "texture": "#0"},
				"up": {"uv": [4, 4, 5, 5], "rotation": 90, "texture": "#0"},
				"down": {"uv": [4, 1, 5, 2], "rotation": 90, "texture": "#0"}
			}
		},
		{
			"from": [7.502, 13.3, 6.65],
			"to": [8.492, 13.5, 6.85],
			"rotation": {"angle": 22.5, "axis": "x", "origin": [8, 14, 7]},
			"faces": {
				"north": {"uv": [4, 4, 5, 5], "rotation": 90, "texture": "#0"},
				"east": {"uv": [4, 4, 5, 5], "rotation": 90, "texture": "#0"},
				"south": {"uv": [4, 1, 5, 2], "rotation": 90, "texture": "#0"},
				"west": {"uv": [4, 4, 5, 5], "rotation": 90, "texture": "#0"},
				"up": {"uv": [4, 4, 5, 5], "rotation": 90, "texture": "#0"},
				"down": {"uv": [4, 4, 5, 5], "rotation": 90, "texture": "#0"}
			}
		},
		{
			"from": [7.502, 13.45, 6.8],
			"to": [8.492, 13.65, 7],
			"rotation": {"angle": 22.5, "axis": "x", "origin": [8, 14, 7]},
			"faces": {
				"north": {"uv": [4, 4, 5, 5], "rotation": 90, "texture": "#0"},
				"east": {"uv": [4, 4, 5, 5], "rotation": 90, "texture": "#0"},
				"south": {"uv": [4, 4, 5, 5], "rotation": 90, "texture": "#0"},
				"west": {"uv": [4, 4, 5, 5], "rotation": 90, "texture": "#0"},
				"up": {"uv": [4, 4, 5, 5], "rotation": 90, "texture": "#0"},
				"down": {"uv": [4, 1, 5, 2], "rotation": 90, "texture": "#0"}
			}
		},
		{
			"from": [7.502, 13.6, 6.95],
			"to": [8.492, 13.8, 7.15],
			"rotation": {"angle": 22.5, "axis": "x", "origin": [8, 14, 7]},
			"faces": {
				"north": {"uv": [4, 4, 5, 5], "rotation": 90, "texture": "#0"},
				"east": {"uv": [4, 4, 5, 5], "rotation": 90, "texture": "#0"},
				"south": {"uv": [4, 1, 5, 2], "rotation": 90, "texture": "#0"},
				"west": {"uv": [4, 4, 5, 5], "rotation": 90, "texture": "#0"},
				"up": {"uv": [4, 4, 5, 5], "rotation": 90, "texture": "#0"},
				"down": {"uv": [4, 4, 5, 5], "rotation": 90, "texture": "#0"}
			}
		},
		{
			"from": [7.502, 13.75, 7.1],
			"to": [8.492, 13.95, 7.3],
			"rotation": {"angle": 22.5, "axis": "x", "origin": [8, 14, 7]},
			"faces": {
				"north": {"uv": [4, 4, 5, 5], "rotation": 90, "texture": "#0"},
				"east": {"uv": [4, 4, 5, 5], "rotation": 90, "texture": "#0"},
				"south": {"uv": [4, 4, 5, 5], "rotation": 90, "texture": "#0"},
				"west": {"uv": [4, 4, 5, 5], "rotation": 90, "texture": "#0"},
				"up": {"uv": [4, 4, 5, 5], "rotation": 90, "texture": "#0"},
				"down": {"uv": [4, 1, 5, 2], "rotation": 90, "texture": "#0"}
			}
		},
		{
			"from": [7.502, 12.7, 7.35],
			"to": [8.492, 12.9, 7.55],
			"rotation": {"angle": 22.5, "axis": "x", "origin": [8, 13, 7]},
			"faces": {
				"north": {"uv": [4, 1, 5, 2], "rotation": 90, "texture": "#0"},
				"east": {"uv": [4, 4, 5, 5], "rotation": 90, "texture": "#0"},
				"south": {"uv": [4, 4, 5, 5], "rotation": 90, "texture": "#0"},
				"west": {"uv": [4, 4, 5, 5], "rotation": 90, "texture": "#0"},
				"up": {"uv": [4, 1, 5, 2], "rotation": 90, "texture": "#0"},
				"down": {"uv": [4, 4, 5, 5], "rotation": 90, "texture": "#0"}
			}
		},
		{
			"from": [7.502, 12.1, 6.75],
			"to": [8.492, 12.3, 6.95],
			"rotation": {"angle": 22.5, "axis": "x", "origin": [8, 13, 7]},
			"faces": {
				"north": {"uv": [4, 4, 5, 5], "rotation": 90, "texture": "#0"},
				"east": {"uv": [4, 4, 5, 5], "rotation": 90, "texture": "#0"},
				"south": {"uv": [4, 4, 5, 5], "rotation": 90, "texture": "#0"},
				"west": {"uv": [4, 4, 5, 5], "rotation": 90, "texture": "#0"},
				"up": {"uv": [4, 4, 5, 5], "rotation": 90, "texture": "#0"},
				"down": {"uv": [4, 4, 5, 5], "rotation": 90, "texture": "#0"}
			}
		},
		{
			"from": [7.502, 12.3, 6.95],
			"to": [8.492, 12.5, 7.15],
			"rotation": {"angle": 22.5, "axis": "x", "origin": [8, 13, 7]},
			"faces": {
				"north": {"uv": [4, 1, 5, 2], "rotation": 90, "texture": "#0"},
				"east": {"uv": [4, 4, 5, 5], "rotation": 90, "texture": "#0"},
				"south": {"uv": [4, 4, 5, 5], "rotation": 90, "texture": "#0"},
				"west": {"uv": [4, 4, 5, 5], "rotation": 90, "texture": "#0"},
				"up": {"uv": [4, 1, 5, 2], "rotation": 90, "texture": "#0"},
				"down": {"uv": [4, 4, 5, 5], "rotation": 90, "texture": "#0"}
			}
		},
		{
			"from": [7.502, 12.5, 7.15],
			"to": [8.492, 12.7, 7.35],
			"rotation": {"angle": 22.5, "axis": "x", "origin": [8, 13, 7]},
			"faces": {
				"north": {"uv": [4, 4, 5, 5], "rotation": 90, "texture": "#0"},
				"east": {"uv": [4, 4, 5, 5], "rotation": 90, "texture": "#0"},
				"south": {"uv": [4, 4, 5, 5], "rotation": 90, "texture": "#0"},
				"west": {"uv": [4, 4, 5, 5], "rotation": 90, "texture": "#0"},
				"up": {"uv": [4, 4, 5, 5], "rotation": 90, "texture": "#0"},
				"down": {"uv": [4, 4, 5, 5], "rotation": 90, "texture": "#0"}
			}
		},
		{
			"from": [7.5, 1.45, 8.45],
			"to": [8.5, 1.65, 8.7],
			"rotation": {"angle": 45, "axis": "x", "origin": [8, 2, 9]},
			"faces": {
				"north": {"uv": [1, 1, 2, 2], "texture": "#0"},
				"east": {"uv": [1, 1, 2, 2], "texture": "#0"},
				"south": {"uv": [1, 1, 2, 2], "texture": "#0"},
				"west": {"uv": [1, 1, 2, 2], "texture": "#0"},
				"up": {"uv": [1, 1, 2, 2], "texture": "#0"},
				"down": {"uv": [1, 4, 2, 5], "texture": "#0"}
			}
		},
		{
			"from": [7.5, 1.9405, 8.61],
			"to": [8.5, 2.1405, 8.86],
			"rotation": {"angle": 45, "axis": "x", "origin": [8, 2, 9]},
			"faces": {
				"north": {"uv": [1, 1, 2, 2], "texture": "#0"},
				"east": {"uv": [1, 1, 2, 2], "texture": "#0"},
				"south": {"uv": [1, 1, 2, 2], "texture": "#0"},
				"west": {"uv": [1, 1, 2, 2], "texture": "#0"},
				"up": {"uv": [1, 1, 2, 2], "texture": "#0"},
				"down": {"uv": [1, 1, 2, 2], "texture": "#0"}
			}
		},
		{
			"from": [7.5, 1.08, 7.59],
			"to": [8.5, 1.28, 7.845],
			"rotation": {"angle": -45, "axis": "x", "origin": [8, 2, 8]},
			"faces": {
				"north": {"uv": [1, 1, 2, 2], "texture": "#0"},
				"east": {"uv": [1, 1, 2, 2], "texture": "#0"},
				"south": {"uv": [1, 1, 2, 2], "texture": "#0"},
				"west": {"uv": [1, 1, 2, 2], "texture": "#0"},
				"up": {"uv": [1, 4, 2, 5], "texture": "#0"},
				"down": {"uv": [1, 1, 2, 2], "texture": "#0"}
			}
		},
		{
			"from": [7.5, 0.37, 8.45],
			"to": [8.5, 0.57, 8.705],
			"rotation": {"angle": 45, "axis": "x", "origin": [8, 2, 9]},
			"faces": {
				"north": {"uv": [1, 1, 2, 2], "texture": "#0"},
				"east": {"uv": [1, 1, 2, 2], "texture": "#0"},
				"south": {"uv": [1, 1, 2, 2], "texture": "#0"},
				"west": {"uv": [1, 1, 2, 2], "texture": "#0"},
				"up": {"uv": [1, 4, 2, 5], "texture": "#0"},
				"down": {"uv": [1, 1, 2, 2], "texture": "#0"}
			}
		}
	],
	"display": {
		"thirdperson_righthand": {
			"translation": [0, 0.75, 1.25],
			"scale": [0.9, 0.9, 0.9]
		},
		"thirdperson_lefthand": {
			"translation": [0, 0.75, 1.25],
			"scale": [0.9, 0.9, 0.9]
		},
		"firstperson_righthand": {
			"rotation": [-7, 8, 0],
			"translation": [0, 4, 0]
		},
		"firstperson_lefthand": {
			"rotation": [-7, 8, 0],
			"translation": [0, 4, 0]
		},
		"ground": {
			"rotation": [0, 0, 90],
			"translation": [0, -3.25, 0]
		},
		"gui": {
			"rotation": [50, 54, -67],
			"scale": [1.2, 1.2, 1.2]
		},
		"head": {
			"rotation": [21.25, 0, 16.25],
			"translation": [0, -2.5, -9.5],
			"scale": [1.15, 1.15, 1.15]
		},
		"fixed": {
			"rotation": [0, -90, 0],
			"translation": [0, 0, -0.5],
			"scale": [1.2, 1.2, 1.21]
		}
	}
}